Input_1,Input_2,Input_3,Output_1,Output_2,Output_3
10.0,10.0,1.0,6.8990,6.2900,5.2736
10.0,15.0,1.0,6.9260,6.2720,5.2933
10.0,20.0,1.0,6.9670,6.2680,5.3074
10.0,25.0,1.0,6.9610,6.2400,5.3185
10.0,30.0,1.0,6.9700,6.2380,5.3266
10.0,35.0,1.0,6.9710,6.2380,5.3323
10.0,40.0,1.0,6.9210,6.2040,5.3362
10.0,45.0,1.0,6.9190,6.1990,5.3380
10.0,50.0,1.0,6.9170,6.1960,5.3415
10.0,55.0,1.0,6.9130,6.1910,5.3430
10.0,60.0,1.0,6.8440,6.1440,5.3445
10.0,65.0,1.0,6.8400,6.1380,5.3479
10.0,70.0,1.0,6.8380,6.1340,5.3486
10.0,75.0,1.0,6.8360,6.1300,5.3492
10.0,80.0,1.0,6.8350,6.1270,5.3502
10.0,85.0,1.0,6.8350,6.1200,5.3533
10.0,90.0,1.0,6.7620,6.0620,5.3546
10.0,95.0,1.0,6.7570,6.0510,5.3554
10.0,100.0,1.0,6.7650,6.0540,5.3560
10.0,10.0,2.0,6.6740,5.9690,5.2800
10.0,15.0,2.0,6.6660,5.9370,5.3051
10.0,20.0,2.0,6.6690,5.9310,5.3240
10.0,25.0,2.0,6.6690,5.9260,5.3396
10.0,30.0,2.0,6.6540,5.8980,5.3514
10.0,35.0,2.0,6.6480,5.8890,5.3613
10.0,40.0,2.0,6.6470,5.8870,5.3671
10.0,45.0,2.0,6.6460,5.8850,5.3719
10.0,50.0,2.0,6.6460,5.8840,5.3762
10.0,55.0,2.0,6.6440,5.8820,5.3807
10.0,60.0,2.0,6.6230,5.8420,5.3831
10.0,65.0,2.0,6.6140,5.8300,5.3863
10.0,70.0,2.0,6.6120,5.8260,5.3893
10.0,75.0,2.0,6.6110,5.8240,5.3919
10.0,80.0,2.0,6.6090,5.8220,5.3948
10.0,85.0,2.0,6.6070,5.8200,5.3971
10.0,90.0,2.0,6.6060,5.8170,5.3981
10.0,95.0,2.0,6.5910,5.7930,5.4012
10.0,100.0,2.0,6.5850,5.7870,5.4028
10.0,10.0,3.0,6.5630,5.7680,5.2812
10.0,15.0,3.0,6.5550,5.7370,5.3084
10.0,20.0,3.0,6.5580,5.7310,5.3293
10.0,25.0,3.0,6.5580,5.7260,5.3468
10.0,30.0,3.0,6.5360,5.6900,5.3603
10.0,35.0,3.0,6.5340,5.6810,5.3714
10.0,40.0,3.0,6.5330,5.6790,5.3788
10.0,45.0,3.0,6.5320,5.6780,5.3854
10.0,50.0,3.0,6.5310,5.6760,5.3902
10.0,55.0,3.0,6.5300,5.6750,5.3960
10.0,60.0,3.0,6.5290,5.6740,5.3999
10.0,65.0,3.0,6.5280,5.6730,5.4035
10.0,70.0,3.0,6.5260,5.6690,5.4074
10.0,75.0,3.0,6.5250,5.6680,5.4111
10.0,80.0,3.0,6.5230,5.6660,5.4144
10.0,85.0,3.0,6.5190,5.6610,5.4174
10.0,90.0,3.0,6.5140,5.6540,5.4201
10.0,95.0,3.0,6.5070,5.6450,5.4226
10.0,100.0,3.0,6.5050,5.6410,5.4258
10.0,10.0,4.0,6.4600,5.5790,5.2814
10.0,15.0,4.0,6.4180,5.4800,5.3095
10.0,20.0,4.0,6.4050,5.4460,5.3316
10.0,25.0,4.0,6.4050,5.4420,5.3501
10.0,30.0,4.0,6.3790,5.3960,5.3648
10.0,35.0,4.0,6.3790,5.3930,5.3773
10.0,40.0,4.0,6.3770,5.3910,5.3857
10.0,45.0,4.0,6.4010,5.4330,5.3931
10.0,50.0,4.0,6.3990,5.4320,5.3992
10.0,55.0,4.0,6.3980,5.4310,5.4059
10.0,60.0,4.0,6.3970,5.4300,5.4100
10.0,65.0,4.0,6.3950,5.4300,5.4145
10.0,70.0,4.0,6.3940,5.4290,5.4187
10.0,75.0,4.0,6.3930,5.4290,5.4224
10.0,80.0,4.0,6.3910,5.4280,5.4262
10.0,85.0,4.0,6.3900,5.4270,5.4300
10.0,90.0,4.0,6.3880,5.4260,5.4338
10.0,95.0,4.0,6.3870,5.4260,5.4375
10.0,100.0,4.0,6.3850,5.4240,5.4413
10.0,10.0,5.0,6.4600,5.5790,5.2814
10.0,15.0,5.0,6.3400,5.3320,5.3096
10.0,20.0,5.0,6.3080,5.2650,5.3317
10.0,25.0,5.0,6.3070,5.2590,5.3504
10.0,30.0,5.0,6.2860,5.2160,5.3652
10.0,35.0,5.0,6.2850,5.2160,5.3780
10.0,40.0,5.0,6.2580,5.1750,5.3869
10.0,45.0,5.0,6.2810,5.2130,5.3952
10.0,50.0,5.0,6.2800,5.2130,5.4020
10.0,55.0,5.0,6.2790,5.2120,5.4092
10.0,60.0,5.0,6.2970,5.2530,5.4135
10.0,65.0,5.0,6.2950,5.2550,5.4182
10.0,70.0,5.0,6.3080,5.2770,5.4226
10.0,75.0,5.0,6.3060,5.2760,5.4266
10.0,80.0,5.0,6.3050,5.2770,5.4306
10.0,85.0,5.0,6.3040,5.2770,5.4345
10.0,90.0,5.0,6.2730,5.2170,5.4387
10.0,95.0,5.0,6.2690,5.2180,5.4424
10.0,100.0,5.0,6.2660,5.2200,5.4466
10.0,10.0,6.0,6.4600,5.5790,5.2814
10.0,15.0,6.0,6.2670,5.1870,5.3096
10.0,20.0,6.0,6.2300,5.1090,5.3318
10.0,25.0,6.0,6.2010,5.0580,5.3505
10.0,30.0,6.0,6.1990,5.0540,5.3654
10.0,35.0,6.0,6.1970,5.0510,5.3782
10.0,40.0,6.0,6.1960,5.0490,5.3870
10.0,45.0,6.0,6.1930,5.0470,5.3954
10.0,50.0,6.0,6.1910,5.0510,5.4024
10.0,55.0,6.0,6.1900,5.0500,5.4098
10.0,60.0,6.0,6.1890,5.0500,5.4146
10.0,65.0,6.0,6.1660,5.0120,5.4189
10.0,70.0,6.0,6.1640,5.0130,5.4235
10.0,75.0,6.0,6.1630,5.0130,5.4276
10.0,80.0,6.0,6.1610,5.0140,5.4317
10.0,85.0,6.0,6.1440,4.9850,5.4357
10.0,90.0,6.0,6.1430,4.9860,5.4399
10.0,95.0,6.0,6.1410,4.9850,5.4437
10.0,100.0,6.0,6.1410,4.9860,5.4480
10.0,10.0,7.0,6.4600,5.5790,5.2814
10.0,15.0,7.0,6.2130,5.0900,5.3096
10.0,20.0,7.0,6.1250,4.9150,5.3319
10.0,25.0,7.0,6.1250,4.9040,5.3506
10.0,30.0,7.0,6.0890,4.8460,5.3655
10.0,35.0,7.0,6.0870,4.8430,5.3784
10.0,40.0,7.0,6.0840,4.8460,5.3872
10.0,45.0,7.0,6.0810,4.8440,5.3957
10.0,50.0,7.0,6.0790,4.8480,5.4027
10.0,55.0,7.0,6.0770,4.8480,5.4100
10.0,60.0,7.0,6.0760,4.8470,5.4149
10.0,65.0,7.0,6.0420,4.7880,5.4192
10.0,70.0,7.0,6.0400,4.7920,5.4238
10.0,75.0,7.0,6.0380,4.7920,5.4280
10.0,80.0,7.0,6.0360,4.7930,5.4322
10.0,85.0,7.0,6.0350,4.7940,5.4360
10.0,90.0,7.0,6.0330,4.7960,5.4402
10.0,95.0,7.0,6.0310,4.7970,5.4441
10.0,100.0,7.0,6.0290,4.7980,5.4483
10.0,10.0,8.0,6.4600,5.5790,5.2814
10.0,15.0,8.0,6.2130,5.0900,5.3096
10.0,20.0,8.0,6.0830,4.8300,5.3319
10.0,25.0,8.0,6.0730,4.8090,5.3506
10.0,30.0,8.0,6.0710,4.8060,5.3655
10.0,35.0,8.0,6.0690,4.8020,5.3784
10.0,40.0,8.0,6.0660,4.8000,5.3873
10.0,45.0,8.0,6.0630,4.7990,5.3958
10.0,50.0,8.0,6.0600,4.8000,5.4028
10.0,55.0,8.0,6.0590,4.8000,5.4102
10.0,60.0,8.0,6.0570,4.8000,5.4151
10.0,65.0,8.0,6.0560,4.8010,5.4194
10.0,70.0,8.0,6.0530,4.8020,5.4240
10.0,75.0,8.0,6.0510,4.8030,5.4282
10.0,80.0,8.0,6.0500,4.8040,5.4324
10.0,85.0,8.0,6.0480,4.8060,5.4362
10.0,90.0,8.0,6.0450,4.8070,5.4404
10.0,95.0,8.0,6.0430,4.8080,5.4442
10.0,100.0,8.0,6.0410,4.8100,5.4485
10.0,10.0,9.0,6.4600,5.5790,5.2814
10.0,15.0,9.0,6.2130,5.0900,5.3096
10.0,20.0,9.0,6.0720,4.7920,5.3319
10.0,25.0,9.0,6.0720,4.7860,5.3506
10.0,30.0,9.0,6.0710,4.7830,5.3655
10.0,35.0,9.0,6.0710,4.7750,5.3784
10.0,40.0,9.0,6.0700,4.7770,5.3873
10.0,45.0,9.0,6.0690,4.7760,5.3958
10.0,50.0,9.0,6.0690,4.7760,5.4028
10.0,55.0,9.0,6.0690,4.7760,5.4103
10.0,60.0,9.0,6.0700,4.7760,5.4152
10.0,65.0,9.0,6.0700,4.7770,5.4195
10.0,70.0,9.0,6.0710,4.7780,5.4241
10.0,75.0,9.0,6.0710,4.7790,5.4283
10.0,80.0,9.0,6.0720,4.7800,5.4325
10.0,85.0,9.0,6.0730,4.7810,5.4364
10.0,90.0,9.0,6.0740,4.7820,5.4406
10.0,95.0,9.0,6.0750,4.7840,5.4444
10.0,100.0,9.0,6.0760,4.7850,5.4487
10.0,10.0,10.0,6.4600,5.5790,5.2814
10.0,15.0,10.0,6.2130,5.0900,5.3096
10.0,20.0,10.0,6.0520,4.7600,5.3319
10.0,25.0,10.0,6.0520,4.7490,5.3506
10.0,30.0,10.0,6.0510,4.7460,5.3655
10.0,35.0,10.0,6.0510,4.7440,5.3784
10.0,40.0,10.0,6.0500,4.7460,5.3873
10.0,45.0,10.0,6.0500,4.7450,5.3958
10.0,50.0,10.0,6.0490,4.7390,5.4028
10.0,55.0,10.0,6.0490,4.7390,5.4103
10.0,60.0,10.0,6.0500,4.7390,5.4152
10.0,65.0,10.0,6.0500,4.7400,5.4195
10.0,70.0,10.0,6.0510,4.7410,5.4241
10.0,75.0,10.0,6.0520,4.7420,5.4283
10.0,80.0,10.0,6.0530,4.7430,5.4325
10.0,85.0,10.0,6.0540,4.7440,5.4363
10.0,90.0,10.0,6.0550,4.7450,5.4405
10.0,95.0,10.0,6.0560,4.7470,5.4443
10.0,100.0,10.0,6.0570,4.7480,5.4487
14.0,10.0,1.0,6.9760,6.3450,5.2718
14.0,15.0,1.0,7.0490,6.3270,5.2903
14.0,20.0,1.0,7.0640,6.3230,5.3034
14.0,25.0,1.0,7.0840,6.3200,5.3133
14.0,30.0,1.0,7.0300,6.2920,5.3207
14.0,35.0,1.0,7.0290,6.2900,5.3258
14.0,40.0,1.0,7.0280,6.2860,5.3293
14.0,45.0,1.0,6.9750,6.2480,5.3303
14.0,50.0,1.0,6.9720,6.2440,5.3347
14.0,55.0,1.0,6.9680,6.2400,5.3376
14.0,60.0,1.0,6.9650,6.2300,5.3400
14.0,65.0,1.0,6.9380,6.2140,5.3410
14.0,70.0,1.0,6.9340,6.2040,5.3422
14.0,75.0,1.0,6.8970,6.1810,5.3443
14.0,80.0,1.0,6.8960,6.1760,5.3454
14.0,85.0,1.0,6.8960,6.1700,5.3457
14.0,90.0,1.0,6.8970,6.1630,5.3460
14.0,95.0,1.0,6.8480,6.1260,5.3462
14.0,100.0,1.0,6.8510,6.1250,5.3464
14.0,10.0,2.0,6.7050,6.0130,5.2796
14.0,15.0,2.0,6.7100,6.0060,5.3041
14.0,20.0,2.0,6.6960,5.9760,5.3222
14.0,25.0,2.0,6.7290,5.9690,5.3382
14.0,30.0,2.0,6.7530,5.9650,5.3486
14.0,35.0,2.0,6.7700,5.9620,5.3563
14.0,40.0,2.0,6.7360,5.9540,5.3624
14.0,45.0,2.0,6.7260,5.9250,5.3680
14.0,50.0,2.0,6.7220,5.9220,5.3746
14.0,55.0,2.0,6.7190,5.9200,5.3772
14.0,60.0,2.0,6.7150,5.9180,5.3788
14.0,65.0,2.0,6.6410,5.8730,5.3827
14.0,70.0,2.0,6.6320,5.8640,5.3862
14.0,75.0,2.0,6.6290,5.8610,5.3887
14.0,80.0,2.0,6.6280,5.8580,5.3909
14.0,85.0,2.0,6.6270,5.8550,5.3934
14.0,90.0,2.0,6.6260,5.8530,5.3945
14.0,95.0,2.0,6.6250,5.8510,5.3968
14.0,100.0,2.0,6.6290,5.8420,5.3980
14.0,10.0,3.0,6.5860,5.8030,5.2818
14.0,15.0,3.0,6.5760,5.7690,5.3089
14.0,20.0,3.0,6.5760,5.7600,5.3293
14.0,25.0,3.0,6.5720,5.7530,5.3475
14.0,30.0,3.0,6.5680,5.7490,5.3596
14.0,35.0,3.0,6.5640,5.7450,5.3688
14.0,40.0,3.0,6.5600,5.7430,5.3777
14.0,45.0,3.0,6.5410,5.7250,5.3843
14.0,50.0,3.0,6.5350,5.7010,5.3901
14.0,55.0,3.0,6.5340,5.6980,5.3945
14.0,60.0,3.0,6.5330,5.6960,5.3991
14.0,65.0,3.0,6.5320,5.6950,5.4022
14.0,70.0,3.0,6.5310,5.6930,5.4054
14.0,75.0,3.0,6.5300,5.6910,5.4092
14.0,80.0,3.0,6.5290,5.6900,5.4129
14.0,85.0,3.0,6.5280,5.6860,5.4157
14.0,90.0,3.0,6.5270,5.6820,5.4183
14.0,95.0,3.0,6.4970,5.6360,5.4209
14.0,100.0,3.0,6.4910,5.6270,5.4235
14.0,10.0,4.0,6.4490,5.5490,5.2824
14.0,15.0,4.0,6.4230,5.4810,5.3112
14.0,20.0,4.0,6.4230,5.4740,5.3329
14.0,25.0,4.0,6.3910,5.4150,5.3527
14.0,30.0,4.0,6.3860,5.4110,5.3660
14.0,35.0,4.0,6.3820,5.4180,5.3763
14.0,40.0,4.0,6.4040,5.4560,5.3863
14.0,45.0,4.0,6.4030,5.4540,5.3938
14.0,50.0,4.0,6.4010,5.4520,5.4008
14.0,55.0,4.0,6.4000,5.4520,5.4058
14.0,60.0,4.0,6.3990,5.4520,5.4116
14.0,65.0,4.0,6.3980,5.4510,5.4155
14.0,70.0,4.0,6.3970,5.4500,5.4192
14.0,75.0,4.0,6.3960,5.4500,5.4232
14.0,80.0,4.0,6.3950,5.4480,5.4272
14.0,85.0,4.0,6.3940,5.4470,5.4306
14.0,90.0,4.0,6.3930,5.4450,5.4340
14.0,95.0,4.0,6.3640,5.4020,5.4378
14.0,100.0,4.0,6.3640,5.4040,5.4411
14.0,10.0,5.0,6.3790,5.4150,5.2824
14.0,15.0,5.0,6.3350,5.3130,5.3114
14.0,20.0,5.0,6.3150,5.2700,5.3334
14.0,25.0,5.0,6.2800,5.2060,5.3533
14.0,30.0,5.0,6.2740,5.2000,5.3670
14.0,35.0,5.0,6.2680,5.1960,5.3779
14.0,40.0,5.0,6.2940,5.2560,5.3884
14.0,45.0,5.0,6.2920,5.2550,5.3966
14.0,50.0,5.0,6.2900,5.2540,5.4044
14.0,55.0,5.0,6.2890,5.2540,5.4099
14.0,60.0,5.0,6.2880,5.2540,5.4158
14.0,65.0,5.0,6.2870,5.2540,5.4198
14.0,70.0,5.0,6.2850,5.2540,5.4237
14.0,75.0,5.0,6.2850,5.2540,5.4278
14.0,80.0,5.0,6.2830,5.2540,5.4317
14.0,85.0,5.0,6.2820,5.2550,5.4356
14.0,90.0,5.0,6.2810,5.2550,5.4395
14.0,95.0,5.0,6.3000,5.2900,5.4433
14.0,100.0,5.0,6.2790,5.2550,5.4472
14.0,10.0,6.0,6.3790,5.4150,5.2824
14.0,15.0,6.0,6.2760,5.1940,5.3114
14.0,20.0,6.0,6.2380,5.1230,5.3335
14.0,25.0,6.0,6.2330,5.1140,5.3534
14.0,30.0,6.0,6.1940,5.0540,5.3671
14.0,35.0,6.0,6.1880,5.0540,5.3780
14.0,40.0,6.0,6.1830,5.0480,5.3886
14.0,45.0,6.0,6.1810,5.0480,5.3970
14.0,50.0,6.0,6.1780,5.0460,5.4046
14.0,55.0,6.0,6.1770,5.0460,5.4103
14.0,60.0,6.0,6.1760,5.0510,5.4171
14.0,65.0,6.0,6.1750,5.0510,5.4218
14.0,70.0,6.0,6.1740,5.0510,5.4257
14.0,75.0,6.0,6.1730,5.0490,5.4301
14.0,80.0,6.0,6.1720,5.0490,5.4342
14.0,85.0,6.0,6.1740,5.0530,5.4381
14.0,90.0,6.0,6.1700,5.0550,5.4420
14.0,95.0,6.0,6.1690,5.0560,5.4459
14.0,100.0,6.0,6.1720,5.0560,5.4498
14.0,10.0,7.0,6.3790,5.4150,5.2824
14.0,15.0,7.0,6.1990,5.0490,5.3114
14.0,20.0,7.0,6.1800,5.0110,5.3336
14.0,25.0,7.0,6.1470,4.9510,5.3535
14.0,30.0,7.0,6.1400,4.9500,5.3673
14.0,35.0,7.0,6.0930,4.8740,5.3782
14.0,40.0,7.0,6.0870,4.8750,5.3888
14.0,45.0,7.0,6.0850,4.8760,5.3971
14.0,50.0,7.0,6.0820,4.8750,5.4047
14.0,55.0,7.0,6.0800,4.8750,5.4105
14.0,60.0,7.0,6.0790,4.8750,5.4172
14.0,65.0,7.0,6.0790,4.8750,5.4221
14.0,70.0,7.0,6.0780,4.8750,5.4262
14.0,75.0,7.0,6.0770,4.8770,5.4305
14.0,80.0,7.0,6.0760,4.8780,5.4347
14.0,85.0,7.0,6.0740,4.8780,5.4387
14.0,90.0,7.0,6.0340,4.8090,5.4427
14.0,95.0,7.0,6.0720,4.8810,5.4467
14.0,100.0,7.0,6.0710,4.8820,5.4505
14.0,10.0,8.0,6.3790,5.4150,5.2824
14.0,15.0,8.0,6.0980,4.8620,5.3114
14.0,20.0,8.0,6.0740,4.8100,5.3336
14.0,25.0,8.0,6.0490,4.7680,5.3536
14.0,30.0,8.0,6.0150,4.7220,5.3674
14.0,35.0,8.0,6.0080,4.7160,5.3784
14.0,40.0,8.0,5.9620,4.6450,5.3890
14.0,45.0,8.0,5.9600,4.6480,5.3974
14.0,50.0,8.0,5.9560,4.6470,5.4050
14.0,55.0,8.0,5.9550,4.6470,5.4108
14.0,60.0,8.0,5.9540,4.6470,5.4175
14.0,65.0,8.0,5.9520,4.6480,5.4224
14.0,70.0,8.0,5.9510,4.6490,5.4264
14.0,75.0,8.0,5.9490,4.6500,5.4308
14.0,80.0,8.0,5.9470,4.6510,5.4350
14.0,85.0,8.0,5.9460,4.6520,5.4390
14.0,90.0,8.0,5.9440,4.6530,5.4431
14.0,95.0,8.0,5.9430,4.6550,5.4471
14.0,100.0,8.0,5.9410,4.6560,5.4509
14.0,10.0,9.0,6.3790,5.4150,5.2824
14.0,15.0,9.0,6.0260,4.7260,5.3114
14.0,20.0,9.0,6.0020,4.6720,5.3336
14.0,25.0,9.0,5.9620,4.6100,5.3536
14.0,30.0,9.0,5.9490,4.5950,5.3674
14.0,35.0,9.0,5.9200,4.5550,5.3784
14.0,40.0,9.0,5.8940,4.5240,5.3890
14.0,45.0,9.0,5.8910,4.5230,5.3974
14.0,50.0,9.0,5.8880,4.5220,5.4051
14.0,55.0,9.0,5.8580,4.4740,5.4109
14.0,60.0,9.0,5.8560,4.4740,5.4176
14.0,65.0,9.0,5.8540,4.4750,5.4226
14.0,70.0,9.0,5.8520,4.4760,5.4266
14.0,75.0,9.0,5.8500,4.4790,5.4310
14.0,80.0,9.0,5.8490,4.4800,5.4352
14.0,85.0,9.0,5.8470,4.4810,5.4392
14.0,90.0,9.0,5.8460,4.4830,5.4432
14.0,95.0,9.0,5.8440,4.4840,5.4473
14.0,100.0,9.0,5.8420,4.4860,5.4511
14.0,10.0,10.0,6.3790,5.4150,5.2824
14.0,15.0,10.0,5.9810,4.6380,5.3114
14.0,20.0,10.0,5.9470,4.5730,5.3336
14.0,25.0,10.0,5.8990,4.4860,5.3536
14.0,30.0,10.0,5.8660,4.4410,5.3674
14.0,35.0,10.0,5.8220,4.3770,5.3784
14.0,40.0,10.0,5.8160,4.3720,5.3890
14.0,45.0,10.0,5.8130,4.3790,5.3975
14.0,50.0,10.0,5.7730,4.3110,5.4051
14.0,55.0,10.0,5.7710,4.3120,5.4109
14.0,60.0,10.0,5.7690,4.3170,5.4176
14.0,65.0,10.0,5.7670,4.3180,5.4226
14.0,70.0,10.0,5.7650,4.3160,5.4267
14.0,75.0,10.0,5.7630,4.3220,5.4311
14.0,80.0,10.0,5.7400,4.2870,5.4353
14.0,85.0,10.0,5.7390,4.2870,5.4392
14.0,90.0,10.0,5.7370,4.2890,5.4434
14.0,95.0,10.0,5.7350,4.2910,5.4474
14.0,100.0,10.0,5.7340,4.2920,5.4512
18.0,10.0,1.0,6.9760,6.3450,5.2718
18.0,15.0,1.0,7.0490,6.3270,5.2903
18.0,20.0,1.0,7.0640,6.3230,5.3034
18.0,25.0,1.0,7.0840,6.3200,5.3133
18.0,30.0,1.0,7.0300,6.2920,5.3207
18.0,35.0,1.0,7.0290,6.2900,5.3258
18.0,40.0,1.0,7.0280,6.2860,5.3293
18.0,45.0,1.0,6.9750,6.2480,5.3303
18.0,50.0,1.0,6.9720,6.2440,5.3347
18.0,55.0,1.0,6.9680,6.2400,5.3356
18.0,60.0,1.0,6.9650,6.2210,5.3356
18.0,65.0,1.0,6.8910,6.1820,5.3402
18.0,70.0,1.0,6.8880,6.1760,5.3412
18.0,75.0,1.0,6.8860,6.1730,5.3418
18.0,80.0,1.0,6.8850,6.1680,5.3424
18.0,85.0,1.0,6.8850,6.1650,5.3429
18.0,90.0,1.0,6.8860,6.1590,5.3429
18.0,95.0,1.0,6.8880,6.1530,5.3436
18.0,100.0,1.0,6.8910,6.1430,5.3458
18.0,10.0,2.0,6.7200,6.0380,5.2791
18.0,15.0,2.0,6.7230,6.0300,5.3032
18.0,20.0,2.0,6.7130,6.0040,5.3209
18.0,25.0,2.0,6.7450,5.9930,5.3367
18.0,30.0,2.0,6.7680,5.9890,5.3467
18.0,35.0,2.0,6.7840,5.9870,5.3537
18.0,40.0,2.0,6.7920,5.9850,5.3607
18.0,45.0,2.0,6.7360,5.9500,5.3660
18.0,50.0,2.0,6.7320,5.9450,5.3710
18.0,55.0,2.0,6.7290,5.9430,5.3740
18.0,60.0,2.0,6.7250,5.9410,5.3757
18.0,65.0,2.0,6.6580,5.9030,5.3789
18.0,70.0,2.0,6.6440,5.8850,5.3813
18.0,75.0,2.0,6.6430,5.8820,5.3820
18.0,80.0,2.0,6.6420,5.8790,5.3831
18.0,85.0,2.0,6.6410,5.8770,5.3876
18.0,90.0,2.0,6.6400,5.8750,5.3885
18.0,95.0,2.0,6.6380,5.8690,5.3891
18.0,100.0,2.0,6.6210,5.8180,5.3896
18.0,10.0,3.0,6.5750,5.7830,5.2819
18.0,15.0,3.0,6.5650,5.7480,5.3092
18.0,20.0,3.0,6.5660,5.7400,5.3299
18.0,25.0,3.0,6.5630,5.7330,5.3486
18.0,30.0,3.0,6.5580,5.7290,5.3605
18.0,35.0,3.0,6.5540,5.7250,5.3697
18.0,40.0,3.0,6.5510,5.7230,5.3800
18.0,45.0,3.0,6.5460,5.7160,5.3866
18.0,50.0,3.0,6.5420,5.7090,5.3922
18.0,55.0,3.0,6.5400,5.7060,5.3970
18.0,60.0,3.0,6.5340,5.6960,5.4009
18.0,65.0,3.0,6.5330,5.6940,5.4052
18.0,70.0,3.0,6.5240,5.6790,5.4094
18.0,75.0,3.0,6.5240,5.6790,5.4121
18.0,80.0,3.0,6.5220,5.6760,5.4151
18.0,85.0,3.0,6.5210,5.6720,5.4174
18.0,90.0,3.0,6.5190,5.6690,5.4194
18.0,95.0,3.0,6.5080,5.6520,5.4229
18.0,100.0,3.0,6.5050,5.6490,5.4250
18.0,10.0,4.0,6.4680,5.5850,5.2823
18.0,15.0,4.0,6.4420,5.5210,5.3109
18.0,20.0,4.0,6.4430,5.5130,5.3326
18.0,25.0,4.0,6.4100,5.4490,5.3524
18.0,30.0,4.0,6.4050,5.4430,5.3656
18.0,35.0,4.0,6.4290,5.4970,5.3758
18.0,40.0,4.0,6.4250,5.4950,5.3868
18.0,45.0,4.0,6.4240,5.4940,5.3938
18.0,50.0,4.0,6.4210,5.4920,5.4001
18.0,55.0,4.0,6.4200,5.4910,5.4056
18.0,60.0,4.0,6.4190,5.4900,5.4104
18.0,65.0,4.0,6.4180,5.4900,5.4149
18.0,70.0,4.0,6.4170,5.4890,5.4193
18.0,75.0,4.0,6.4160,5.4880,5.4227
18.0,80.0,4.0,6.4150,5.4870,5.4268
18.0,85.0,4.0,6.4140,5.4850,5.4307
18.0,90.0,4.0,6.4130,5.4840,5.4341
18.0,95.0,4.0,6.4120,5.4820,5.4373
18.0,100.0,4.0,6.3830,5.4400,5.4409
18.0,10.0,5.0,6.4020,5.4580,5.2824
18.0,15.0,5.0,6.3520,5.3490,5.3111
18.0,20.0,5.0,6.3260,5.2920,5.3331
18.0,25.0,5.0,6.3220,5.2880,5.3532
18.0,30.0,5.0,6.3170,5.2830,5.3672
18.0,35.0,5.0,6.3110,5.2790,5.3778
18.0,40.0,5.0,6.3070,5.2770,5.3898
18.0,45.0,5.0,6.3050,5.2760,5.3970
18.0,50.0,5.0,6.3030,5.2750,5.4037
18.0,55.0,5.0,6.3010,5.2740,5.4095
18.0,60.0,5.0,6.3000,5.2740,5.4146
18.0,65.0,5.0,6.2990,5.2740,5.4192
18.0,70.0,5.0,6.2980,5.2730,5.4234
18.0,75.0,5.0,6.2970,5.2740,5.4271
18.0,80.0,5.0,6.2960,5.2740,5.4314
18.0,85.0,5.0,6.2950,5.2740,5.4355
18.0,90.0,5.0,6.2940,5.2740,5.4392
18.0,95.0,5.0,6.2920,5.2750,5.4429
18.0,100.0,5.0,6.2910,5.2740,5.4463
18.0,10.0,6.0,6.4020,5.4580,5.2824
18.0,15.0,6.0,6.2720,5.1890,5.3112
18.0,20.0,6.0,6.2530,5.1480,5.3332
18.0,25.0,6.0,6.2200,5.0930,5.3533
18.0,30.0,6.0,6.2140,5.0880,5.3673
18.0,35.0,6.0,6.2080,5.0840,5.3783
18.0,40.0,6.0,6.1620,5.0060,5.3904
18.0,45.0,6.0,6.1590,5.0050,5.3976
18.0,50.0,6.0,6.1570,5.0010,5.4050
18.0,55.0,6.0,6.1560,5.0040,5.4113
18.0,60.0,6.0,6.1970,5.0810,5.4165
18.0,65.0,6.0,6.1950,5.0810,5.4213
18.0,70.0,6.0,6.2220,5.1360,5.4265
18.0,75.0,6.0,6.2210,5.1370,5.4303
18.0,80.0,6.0,6.1920,5.0870,5.4348
18.0,85.0,6.0,6.1940,5.0880,5.4390
18.0,90.0,6.0,6.1900,5.0850,5.4425
18.0,95.0,6.0,6.1900,5.0860,5.4464
18.0,100.0,6.0,6.1900,5.0870,5.4501
18.0,10.0,7.0,6.4020,5.4580,5.2824
18.0,15.0,7.0,6.1750,5.0030,5.3112
18.0,20.0,7.0,6.1500,4.9470,5.3334
18.0,25.0,7.0,6.1080,4.8840,5.3535
18.0,30.0,7.0,6.1020,4.8810,5.3675
18.0,35.0,7.0,6.0960,4.8780,5.3785
18.0,40.0,7.0,6.0910,4.8770,5.3906
18.0,45.0,7.0,6.0880,4.8760,5.3978
18.0,50.0,7.0,6.0850,4.8750,5.4052
18.0,55.0,7.0,6.0670,4.8480,5.4115
18.0,60.0,7.0,6.0660,4.8470,5.4168
18.0,65.0,7.0,6.0420,4.8090,5.4215
18.0,70.0,7.0,6.0400,4.8090,5.4270
18.0,75.0,7.0,6.0400,4.8100,5.4309
18.0,80.0,7.0,6.0390,4.8110,5.4353
18.0,85.0,7.0,6.0370,4.8120,5.4398
18.0,90.0,7.0,6.0360,4.8130,5.4435
18.0,95.0,7.0,6.0340,4.8140,5.4472
18.0,100.0,7.0,6.0330,4.8160,5.4509
18.0,10.0,8.0,6.4020,5.4580,5.2824
18.0,15.0,8.0,6.1100,4.8810,5.3112
18.0,20.0,8.0,6.0880,4.8350,5.3334
18.0,25.0,8.0,6.0520,4.7750,5.3535
18.0,30.0,8.0,6.0450,4.7730,5.3676
18.0,35.0,8.0,5.9980,4.7010,5.3786
18.0,40.0,8.0,5.9930,4.6990,5.3907
18.0,45.0,8.0,5.9900,4.6980,5.3979
18.0,50.0,8.0,5.9870,4.7000,5.4054
18.0,55.0,8.0,5.9840,4.6990,5.4117
18.0,60.0,8.0,5.9830,4.6990,5.4170
18.0,65.0,8.0,5.9820,4.7000,5.4217
18.0,70.0,8.0,5.9810,4.7000,5.4272
18.0,75.0,8.0,5.9790,4.7020,5.4311
18.0,80.0,8.0,5.9780,4.7030,5.4355
18.0,85.0,8.0,5.9760,4.7040,5.4401
18.0,90.0,8.0,5.9740,4.7050,5.4438
18.0,95.0,8.0,5.9730,4.7070,5.4476
18.0,100.0,8.0,5.9710,4.7080,5.4512
18.0,10.0,9.0,6.4020,5.4580,5.2824
18.0,15.0,9.0,6.0460,4.7600,5.3112
18.0,20.0,9.0,6.0220,4.7100,5.3334
18.0,25.0,9.0,5.9900,4.6610,5.3535
18.0,30.0,9.0,5.9450,4.5910,5.3676
18.0,35.0,9.0,5.9380,4.5900,5.3786
18.0,40.0,9.0,5.9330,4.5890,5.3907
18.0,45.0,9.0,5.9290,4.5880,5.3980
18.0,50.0,9.0,5.8870,4.5230,5.4055
18.0,55.0,9.0,5.8860,4.5220,5.4118
18.0,60.0,9.0,5.8840,4.5220,5.4172
18.0,65.0,9.0,5.8820,4.5240,5.4219
18.0,70.0,9.0,5.8800,4.5260,5.4274
18.0,75.0,9.0,5.8790,4.5270,5.4313
18.0,80.0,9.0,5.8770,4.5290,5.4357
18.0,85.0,9.0,5.8750,4.5300,5.4402
18.0,90.0,9.0,5.8740,4.5310,5.4440
18.0,95.0,9.0,5.8720,4.5330,5.4478
18.0,100.0,9.0,5.8700,4.5350,5.4515
18.0,10.0,10.0,6.4020,5.4580,5.2824
18.0,15.0,10.0,5.9860,4.6510,5.3112
18.0,20.0,10.0,5.9310,4.5460,5.3334
18.0,25.0,10.0,5.8880,4.4720,5.3535
18.0,30.0,10.0,5.8800,4.4680,5.3676
18.0,35.0,10.0,5.8520,4.4210,5.3786
18.0,40.0,10.0,5.8140,4.3720,5.3907
18.0,45.0,10.0,5.8110,4.3670,5.3980
18.0,50.0,10.0,5.8070,4.3700,5.4055
18.0,55.0,10.0,5.7690,4.3520,5.4119
18.0,60.0,10.0,5.7660,4.3090,5.4172
18.0,65.0,10.0,5.7640,4.3110,5.4220
18.0,70.0,10.0,5.7620,4.3110,5.4275
18.0,75.0,10.0,5.7610,4.3140,5.4314
18.0,80.0,10.0,5.7590,4.3160,5.4358
18.0,85.0,10.0,5.7580,4.3170,5.4403
18.0,90.0,10.0,5.7560,4.3190,5.4441
18.0,95.0,10.0,5.7550,4.3230,5.4479
18.0,100.0,10.0,5.7190,4.2770,5.4516
22.0,10.0,1.0,6.9760,6.3450,5.2718
22.0,15.0,1.0,7.0490,6.3270,5.2903
22.0,20.0,1.0,7.0640,6.3230,5.3034
22.0,25.0,1.0,7.0840,6.3200,5.3133
22.0,30.0,1.0,7.0300,6.2920,5.3207
22.0,35.0,1.0,7.0290,6.2900,5.3258
22.0,40.0,1.0,7.0280,6.2860,5.3293
22.0,45.0,1.0,6.9750,6.2480,5.3303
22.0,50.0,1.0,6.9720,6.2440,5.3347
22.0,55.0,1.0,6.9680,6.2400,5.3356
22.0,60.0,1.0,6.9650,6.2210,5.3356
22.0,65.0,1.0,6.8910,6.1820,5.3402
22.0,70.0,1.0,6.8880,6.1760,5.3412
22.0,75.0,1.0,6.8860,6.1730,5.3418
22.0,80.0,1.0,6.8850,6.1680,5.3424
22.0,85.0,1.0,6.8850,6.1650,5.3429
22.0,90.0,1.0,6.8860,6.1590,5.3429
22.0,95.0,1.0,6.8880,6.1530,5.3436
22.0,100.0,1.0,6.8910,6.1430,5.3458
22.0,10.0,2.0,6.7090,6.0240,5.2796
22.0,15.0,2.0,6.7040,6.0020,5.3042
22.0,20.0,2.0,6.7070,5.9900,5.3225
22.0,25.0,2.0,6.7170,5.9620,5.3384
22.0,30.0,2.0,6.7410,5.9560,5.3490
22.0,35.0,2.0,6.7580,5.9530,5.3565
22.0,40.0,2.0,6.7700,5.9510,5.3627
22.0,45.0,2.0,6.7220,5.9280,5.3686
22.0,50.0,2.0,6.7110,5.9140,5.3748
22.0,55.0,2.0,6.7070,5.9110,5.3779
22.0,60.0,2.0,6.7040,5.9090,5.3795
22.0,65.0,2.0,6.6990,5.9060,5.3829
22.0,70.0,2.0,6.6290,5.8620,5.3850
22.0,75.0,2.0,6.6250,5.8530,5.3859
22.0,80.0,2.0,6.6230,5.8500,5.3877
22.0,85.0,2.0,6.6220,5.8480,5.3915
22.0,90.0,2.0,6.6210,5.8460,5.3924
22.0,95.0,2.0,6.6200,5.8410,5.3929
22.0,100.0,2.0,6.6290,5.8370,5.3950
22.0,10.0,3.0,6.5930,5.8160,5.2817
22.0,15.0,3.0,6.5830,5.7830,5.3086
22.0,20.0,3.0,6.5830,5.7740,5.3290
22.0,25.0,3.0,6.5790,5.7660,5.3470
22.0,30.0,3.0,6.5750,5.7620,5.3591
22.0,35.0,3.0,6.5710,5.7590,5.3680
22.0,40.0,3.0,6.5680,5.7560,5.3766
22.0,45.0,3.0,6.5670,5.7550,5.3832
22.0,50.0,3.0,6.5430,5.7140,5.3900
22.0,55.0,3.0,6.5420,5.7110,5.3937
22.0,60.0,3.0,6.5410,5.7100,5.3970
22.0,65.0,3.0,6.5400,5.7080,5.4008
22.0,70.0,3.0,6.5390,5.7060,5.4037
22.0,75.0,3.0,6.5380,5.7040,5.4072
22.0,80.0,3.0,6.5370,5.7030,5.4098
22.0,85.0,3.0,6.5100,5.6680,5.4115
22.0,90.0,3.0,6.5010,5.6420,5.4150
22.0,95.0,3.0,6.5000,5.6380,5.4174
22.0,100.0,3.0,6.4980,5.6370,5.4187
22.0,10.0,4.0,6.4790,5.6070,5.2823
22.0,15.0,4.0,6.4620,5.5610,5.3108
22.0,20.0,4.0,6.4610,5.5480,5.3324
22.0,25.0,4.0,6.4580,5.5420,5.3519
22.0,30.0,4.0,6.4530,5.5370,5.3650
22.0,35.0,4.0,6.4480,5.5320,5.3749
22.0,40.0,4.0,6.4440,5.5300,5.3844
22.0,45.0,4.0,6.4420,5.5290,5.3924
22.0,50.0,4.0,6.4410,5.5270,5.3999
22.0,55.0,4.0,6.4400,5.5270,5.4047
22.0,60.0,4.0,6.4390,5.5260,5.4088
22.0,65.0,4.0,6.4380,5.5250,5.4134
22.0,70.0,4.0,6.4370,5.5240,5.4169
22.0,75.0,4.0,6.4360,5.5230,5.4208
22.0,80.0,4.0,6.4350,5.5220,5.4244
22.0,85.0,4.0,6.4340,5.5210,5.4278
22.0,90.0,4.0,6.4330,5.5190,5.4310
22.0,95.0,4.0,6.4110,5.4850,5.4349
22.0,100.0,4.0,6.4070,5.4820,5.4376
22.0,10.0,5.0,6.3840,5.4260,5.2823
22.0,15.0,5.0,6.3380,5.3200,5.3112
22.0,20.0,5.0,6.3120,5.2660,5.3332
22.0,25.0,5.0,6.3080,5.2620,5.3531
22.0,30.0,5.0,6.3020,5.2570,5.3669
22.0,35.0,5.0,6.2960,5.2530,5.3776
22.0,40.0,5.0,6.2920,5.2510,5.3879
22.0,45.0,5.0,6.2900,5.2500,5.3961
22.0,50.0,5.0,6.2880,5.2500,5.4046
22.0,55.0,5.0,6.2870,5.2500,5.4097
22.0,60.0,5.0,6.2860,5.2480,5.4144
22.0,65.0,5.0,6.2850,5.2500,5.4194
22.0,70.0,5.0,6.2840,5.2500,5.4232
22.0,75.0,5.0,6.2830,5.2500,5.4276
22.0,80.0,5.0,6.3080,5.2980,5.4320
22.0,85.0,5.0,6.3070,5.2980,5.4357
22.0,90.0,5.0,6.3060,5.2980,5.4395
22.0,95.0,5.0,6.3050,5.2970,5.4436
22.0,100.0,5.0,6.3040,5.2980,5.4470
22.0,10.0,6.0,6.3840,5.4260,5.2823
22.0,15.0,6.0,6.2640,5.1720,5.3113
22.0,20.0,6.0,6.2320,5.1110,5.3334
22.0,25.0,6.0,6.1990,5.0560,5.3533
22.0,30.0,6.0,6.1930,5.0510,5.3671
22.0,35.0,6.0,6.1870,5.0470,5.3777
22.0,40.0,6.0,6.1390,4.9700,5.3881
22.0,45.0,6.0,6.1380,4.9690,5.3964
22.0,50.0,6.0,6.1370,4.9690,5.4055
22.0,55.0,6.0,6.1360,4.9690,5.4112
22.0,60.0,6.0,6.1340,4.9690,5.4160
22.0,65.0,6.0,6.1740,5.0480,5.4214
22.0,70.0,6.0,6.1730,5.0480,5.4255
22.0,75.0,6.0,6.1730,5.0490,5.4307
22.0,80.0,6.0,6.1720,5.0500,5.4353
22.0,85.0,6.0,6.1710,5.0510,5.4390
22.0,90.0,6.0,6.1290,4.9830,5.4428
22.0,95.0,6.0,6.1690,5.0500,5.4471
22.0,100.0,6.0,6.1280,4.9770,5.4507
22.0,10.0,7.0,6.3840,5.4260,5.2823
22.0,15.0,7.0,6.1910,5.0380,5.3113
22.0,20.0,7.0,6.1500,4.9480,5.3334
22.0,25.0,7.0,6.1080,4.8800,5.3534
22.0,30.0,7.0,6.1020,4.8820,5.3672
22.0,35.0,7.0,6.0950,4.8780,5.3779
22.0,40.0,7.0,6.0890,4.8760,5.3883
22.0,45.0,7.0,6.0800,4.8620,5.3966
22.0,50.0,7.0,6.0850,4.8750,5.4057
22.0,55.0,7.0,6.0830,4.8750,5.4113
22.0,60.0,7.0,6.0640,4.8440,5.4160
22.0,65.0,7.0,6.0460,4.8160,5.4216
22.0,70.0,7.0,6.0610,4.8440,5.4257
22.0,75.0,7.0,6.0440,4.8170,5.4309
22.0,80.0,7.0,6.0430,4.8190,5.4355
22.0,85.0,7.0,6.0420,4.8200,5.4393
22.0,90.0,7.0,6.0560,4.8490,5.4431
22.0,95.0,7.0,6.0550,4.8500,5.4475
22.0,100.0,7.0,6.0540,4.8520,5.4511
22.0,10.0,8.0,6.3840,5.4260,5.2823
22.0,15.0,8.0,6.1230,4.9040,5.3113
22.0,20.0,8.0,6.0610,4.7840,5.3334
22.0,25.0,8.0,6.0280,4.7380,5.3534
22.0,30.0,8.0,6.0220,4.7310,5.3673
22.0,35.0,8.0,5.9750,4.6590,5.3780
22.0,40.0,8.0,5.9690,4.6570,5.3885
22.0,45.0,8.0,5.9660,4.6570,5.3968
22.0,50.0,8.0,5.9640,4.6570,5.4059
22.0,55.0,8.0,5.9620,4.6580,5.4116
22.0,60.0,8.0,5.9600,4.6570,5.4163
22.0,65.0,8.0,5.9590,4.6580,5.4218
22.0,70.0,8.0,5.9180,4.5910,5.4260
22.0,75.0,8.0,5.9560,4.6600,5.4311
22.0,80.0,8.0,5.9550,4.6600,5.4357
22.0,85.0,8.0,5.9520,4.6620,5.4396
22.0,90.0,8.0,5.9510,4.6640,5.4435
22.0,95.0,8.0,5.9490,4.6650,5.4479
22.0,100.0,8.0,5.9480,4.6670,5.4514
22.0,10.0,9.0,6.3840,5.4260,5.2823
22.0,15.0,9.0,6.1030,4.8740,5.3113
22.0,20.0,9.0,6.0010,4.6710,5.3334
22.0,25.0,9.0,5.9610,4.6080,5.3534
22.0,30.0,9.0,5.9400,4.5790,5.3673
22.0,35.0,9.0,5.9110,4.5410,5.3780
22.0,40.0,9.0,5.8730,4.4860,5.3885
22.0,45.0,9.0,5.8690,4.4820,5.3968
22.0,50.0,9.0,5.8670,4.4820,5.4060
22.0,55.0,9.0,5.8650,4.4840,5.4117
22.0,60.0,9.0,5.8640,4.4840,5.4165
22.0,65.0,9.0,5.8240,4.4190,5.4219
22.0,70.0,9.0,5.8220,4.4210,5.4261
22.0,75.0,9.0,5.8580,4.4880,5.4313
22.0,80.0,9.0,5.8200,4.4290,5.4359
22.0,85.0,9.0,5.8170,4.4260,5.4398
22.0,90.0,9.0,5.8160,4.4270,5.4436
22.0,95.0,9.0,5.8140,4.4290,5.4480
22.0,100.0,9.0,5.8130,4.4310,5.4516
22.0,10.0,10.0,6.3840,5.4260,5.2823
22.0,15.0,10.0,6.1030,4.8740,5.3113
22.0,20.0,10.0,5.9370,4.5590,5.3334
22.0,25.0,10.0,5.9020,4.4910,5.3534
22.0,30.0,10.0,5.8580,4.4280,5.3673
22.0,35.0,10.0,5.8510,4.4220,5.3780
22.0,40.0,10.0,5.8080,4.3560,5.3885
22.0,45.0,10.0,5.8040,4.3600,5.3969
22.0,50.0,10.0,5.7810,4.3220,5.4060
22.0,55.0,10.0,5.7790,4.3280,5.4117
22.0,60.0,10.0,5.7760,4.3240,5.4165
22.0,65.0,10.0,5.7430,4.2720,5.4220
22.0,70.0,10.0,5.7720,4.3260,5.4262
22.0,75.0,10.0,5.7390,4.2760,5.4313
22.0,80.0,10.0,5.7370,4.2780,5.4360
22.0,85.0,10.0,5.7360,4.2790,5.4398
22.0,90.0,10.0,5.7340,4.2810,5.4437
22.0,95.0,10.0,5.7320,4.2820,5.4481
22.0,100.0,10.0,5.7310,4.2840,5.4517
26.0,10.0,1.0,6.9760,6.3450,5.2718
26.0,15.0,1.0,7.0490,6.3270,5.2903
26.0,20.0,1.0,7.0640,6.3230,5.3034
26.0,25.0,1.0,7.0840,6.3200,5.3133
26.0,30.0,1.0,7.0300,6.2920,5.3207
26.0,35.0,1.0,7.0290,6.2900,5.3258
26.0,40.0,1.0,7.0280,6.2860,5.3293
26.0,45.0,1.0,6.9750,6.2480,5.3303
26.0,50.0,1.0,6.9720,6.2440,5.3347
26.0,55.0,1.0,6.9680,6.2400,5.3356
26.0,60.0,1.0,6.9650,6.2210,5.3356
26.0,65.0,1.0,6.8910,6.1820,5.3402
26.0,70.0,1.0,6.8880,6.1760,5.3412
26.0,75.0,1.0,6.8860,6.1730,5.3418
26.0,80.0,1.0,6.8850,6.1680,5.3424
26.0,85.0,1.0,6.8850,6.1650,5.3429
26.0,90.0,1.0,6.8860,6.1590,5.3429
26.0,95.0,1.0,6.8880,6.1530,5.3436
26.0,100.0,1.0,6.8910,6.1430,5.3458
26.0,10.0,2.0,6.7030,6.0100,5.2796
26.0,15.0,2.0,6.7080,6.0030,5.3042
26.0,20.0,2.0,6.6940,5.9730,5.3224
26.0,25.0,2.0,6.7270,5.9660,5.3384
26.0,30.0,2.0,6.7510,5.9620,5.3488
26.0,35.0,2.0,6.7680,5.9600,5.3565
26.0,40.0,2.0,6.7340,5.9390,5.3628
26.0,45.0,2.0,6.7230,5.9210,5.3682
26.0,50.0,2.0,6.7200,5.9190,5.3750
26.0,55.0,2.0,6.7160,5.9170,5.3777
26.0,60.0,2.0,6.7130,5.9150,5.3809
26.0,65.0,2.0,6.6670,5.8870,5.3827
26.0,70.0,2.0,6.6600,5.8810,5.3857
26.0,75.0,2.0,6.6560,5.8780,5.3876
26.0,80.0,2.0,6.6520,5.8720,5.3885
26.0,85.0,2.0,6.6210,5.8410,5.3922
26.0,90.0,2.0,6.6110,5.8320,5.3931
26.0,95.0,2.0,6.6100,5.8270,5.3938
26.0,100.0,2.0,6.6190,5.8270,5.3964
26.0,10.0,3.0,6.5650,5.7630,5.2821
26.0,15.0,3.0,6.5550,5.7300,5.3095
26.0,20.0,3.0,6.5560,5.7230,5.3303
26.0,25.0,3.0,6.5520,5.7150,5.3488
26.0,30.0,3.0,6.5470,5.7110,5.3611
26.0,35.0,3.0,6.5420,5.7070,5.3707
26.0,40.0,3.0,6.5190,5.6720,5.3796
26.0,45.0,3.0,6.5150,5.6630,5.3869
26.0,50.0,3.0,6.5140,5.6620,5.3924
26.0,55.0,3.0,6.5130,5.6610,5.3973
26.0,60.0,3.0,6.5130,5.6600,5.4023
26.0,65.0,3.0,6.5120,5.6590,5.4053
26.0,70.0,3.0,6.5110,5.6570,5.4087
26.0,75.0,3.0,6.5100,5.6560,5.4123
26.0,80.0,3.0,6.5090,5.6550,5.4148
26.0,85.0,3.0,6.5070,5.6500,5.4167
26.0,90.0,3.0,6.5060,5.6470,5.4196
26.0,95.0,3.0,6.4770,5.6000,5.4231
26.0,100.0,3.0,6.4710,5.5930,5.4252
26.0,10.0,4.0,6.4560,5.5700,5.2824
26.0,15.0,4.0,6.4410,5.5200,5.3110
26.0,20.0,4.0,6.4420,5.5120,5.3327
26.0,25.0,4.0,6.4080,5.4480,5.3520
26.0,30.0,4.0,6.4030,5.4430,5.3653
26.0,35.0,4.0,6.4270,5.4970,5.3756
26.0,40.0,4.0,6.4230,5.4940,5.3852
26.0,45.0,4.0,6.4210,5.4930,5.3927
26.0,50.0,4.0,6.4200,5.4920,5.3991
26.0,55.0,4.0,6.4190,5.4910,5.4048
26.0,60.0,4.0,6.4180,5.4910,5.4102
26.0,65.0,4.0,6.4170,5.4900,5.4140
26.0,70.0,4.0,6.4160,5.4890,5.4182
26.0,75.0,4.0,6.4150,5.4870,5.4218
26.0,80.0,4.0,6.3880,5.4420,5.4256
26.0,85.0,4.0,6.3830,5.4360,5.4295
26.0,90.0,4.0,6.3820,5.4300,5.4327
26.0,95.0,4.0,6.3810,5.4300,5.4364
26.0,100.0,4.0,6.3800,5.4310,5.4402
26.0,10.0,5.0,6.3870,5.4290,5.2824
26.0,15.0,5.0,6.3490,5.3410,5.3112
26.0,20.0,5.0,6.3220,5.2860,5.3331
26.0,25.0,5.0,6.3180,5.2820,5.3528
26.0,30.0,5.0,6.3120,5.2770,5.3666
26.0,35.0,5.0,6.3060,5.2740,5.3775
26.0,40.0,5.0,6.3020,5.2720,5.3883
26.0,45.0,5.0,6.3000,5.2720,5.3962
26.0,50.0,5.0,6.2980,5.2700,5.4030
26.0,55.0,5.0,6.2970,5.2690,5.4093
26.0,60.0,5.0,6.2960,5.2690,5.4147
26.0,65.0,5.0,6.2950,5.2690,5.4187
26.0,70.0,5.0,6.2940,5.2690,5.4228
26.0,75.0,5.0,6.2930,5.2690,5.4265
26.0,80.0,5.0,6.2920,5.2690,5.4304
26.0,85.0,5.0,6.2910,5.2700,5.4345
26.0,90.0,5.0,6.2900,5.2700,5.4378
26.0,95.0,5.0,6.2890,5.2700,5.4417
26.0,100.0,5.0,6.2880,5.2700,5.4458
26.0,10.0,6.0,6.3690,5.3980,5.2824
26.0,15.0,6.0,6.2440,5.1350,5.3113
26.0,20.0,6.0,6.2180,5.0850,5.3333
26.0,25.0,6.0,6.2130,5.0770,5.3530
26.0,30.0,6.0,6.1690,5.0050,5.3669
26.0,35.0,6.0,6.1630,5.0010,5.3778
26.0,40.0,6.0,6.1580,4.9990,5.3885
26.0,45.0,6.0,6.1560,4.9990,5.3966
26.0,50.0,6.0,6.1530,4.9980,5.4041
26.0,55.0,6.0,6.1520,4.9980,5.4106
26.0,60.0,6.0,6.1510,5.0020,5.4168
26.0,65.0,6.0,6.1490,5.0020,5.4213
26.0,70.0,6.0,6.1480,5.0030,5.4256
26.0,75.0,6.0,6.1470,5.0040,5.4295
26.0,80.0,6.0,6.1460,5.0040,5.4336
26.0,85.0,6.0,6.1450,5.0060,5.4382
26.0,90.0,6.0,6.1440,5.0060,5.4415
26.0,95.0,6.0,6.1430,5.0080,5.4456
26.0,100.0,6.0,6.1440,5.0090,5.4499
26.0,10.0,7.0,6.3690,5.3980,5.2824
26.0,15.0,7.0,6.1570,4.9710,5.3113
26.0,20.0,7.0,6.1350,4.9230,5.3334
26.0,25.0,7.0,6.0980,4.8610,5.3531
26.0,30.0,7.0,6.0910,4.8630,5.3671
26.0,35.0,7.0,6.0840,4.8590,5.3780
26.0,40.0,7.0,6.0780,4.8570,5.3888
26.0,45.0,7.0,6.0760,4.8570,5.3969
26.0,50.0,7.0,6.0320,4.7870,5.4044
26.0,55.0,7.0,6.0310,4.7870,5.4108
26.0,60.0,7.0,6.0300,4.7860,5.4170
26.0,65.0,7.0,6.0290,4.7860,5.4215
26.0,70.0,7.0,6.0270,4.7870,5.4258
26.0,75.0,7.0,6.0260,4.7880,5.4297
26.0,80.0,7.0,6.0250,4.7890,5.4339
26.0,85.0,7.0,6.0230,4.7900,5.4385
26.0,90.0,7.0,6.0220,4.7910,5.4418
26.0,95.0,7.0,6.0200,4.7920,5.4459
26.0,100.0,7.0,6.0190,4.7940,5.4503
26.0,10.0,8.0,6.3690,5.3980,5.2824
26.0,15.0,8.0,6.0880,4.8400,5.3113
26.0,20.0,8.0,6.0640,4.7920,5.3334
26.0,25.0,8.0,6.0230,4.7270,5.3531
26.0,30.0,8.0,6.0160,4.7220,5.3671
26.0,35.0,8.0,5.9700,4.6520,5.3781
26.0,40.0,8.0,5.9630,4.6470,5.3889
26.0,45.0,8.0,5.9610,4.6520,5.3971
26.0,50.0,8.0,5.9580,4.6470,5.4045
26.0,55.0,8.0,5.9420,4.6220,5.4111
26.0,60.0,8.0,5.9410,4.6220,5.4172
26.0,65.0,8.0,5.9390,4.6300,5.4217
26.0,70.0,8.0,5.9370,4.6240,5.4260
26.0,75.0,8.0,5.9360,4.6250,5.4299
26.0,80.0,8.0,5.9340,4.6260,5.4342
26.0,85.0,8.0,5.9320,4.6280,5.4388
26.0,90.0,8.0,5.9310,4.6290,5.4421
26.0,95.0,8.0,5.9290,4.6370,5.4463
26.0,100.0,8.0,5.9280,4.6380,5.4506
26.0,10.0,9.0,6.3690,5.3980,5.2824
26.0,15.0,9.0,6.0320,4.7360,5.3113
26.0,20.0,9.0,6.0080,4.6860,5.3334
26.0,25.0,9.0,5.9780,4.6360,5.3531
26.0,30.0,9.0,5.9490,4.5960,5.3671
26.0,35.0,9.0,5.9090,4.5370,5.3781
26.0,40.0,9.0,5.9020,4.5380,5.3889
26.0,45.0,9.0,5.8990,4.5370,5.3971
26.0,50.0,9.0,5.8960,4.5390,5.4046
26.0,55.0,9.0,5.8570,4.4730,5.4111
26.0,60.0,9.0,5.8550,4.4740,5.4173
26.0,65.0,9.0,5.8540,4.4730,5.4218
26.0,70.0,9.0,5.8520,4.4740,5.4262
26.0,75.0,9.0,5.8500,4.4780,5.4300
26.0,80.0,9.0,5.8480,4.4790,5.4343
26.0,85.0,9.0,5.8470,4.4800,5.4390
26.0,90.0,9.0,5.8450,4.4810,5.4423
26.0,95.0,9.0,5.8430,4.4830,5.4464
26.0,100.0,9.0,5.8420,4.4850,5.4508
26.0,10.0,10.0,6.3690,5.3980,5.2824
26.0,15.0,10.0,5.9750,4.6280,5.3113
26.0,20.0,10.0,5.9370,4.5540,5.3334
26.0,25.0,10.0,5.8970,4.4830,5.3531
26.0,30.0,10.0,5.8530,4.4130,5.3671
26.0,35.0,10.0,5.8460,4.4100,5.3781
26.0,40.0,10.0,5.8020,4.3490,5.3889
26.0,45.0,10.0,5.7990,4.3520,5.3971
26.0,50.0,10.0,5.7960,4.3510,5.4046
26.0,55.0,10.0,5.7810,4.3310,5.4111
26.0,60.0,10.0,5.7590,4.2980,5.4173
26.0,65.0,10.0,5.7560,4.2990,5.4218
26.0,70.0,10.0,5.7540,4.3000,5.4262
26.0,75.0,10.0,5.7530,4.3030,5.4301
26.0,80.0,10.0,5.7510,4.3040,5.4344
26.0,85.0,10.0,5.7490,4.3060,5.4390
26.0,90.0,10.0,5.7180,4.2540,5.4424
26.0,95.0,10.0,5.7160,4.2550,5.4465
26.0,100.0,10.0,5.7150,4.2570,5.4509
30.0,10.0,1.0,6.9760,6.3450,5.2718
30.0,15.0,1.0,7.0490,6.3270,5.2903
30.0,20.0,1.0,7.0640,6.3230,5.3034
30.0,25.0,1.0,7.0840,6.3200,5.3133
30.0,30.0,1.0,7.0300,6.2920,5.3207
30.0,35.0,1.0,7.0290,6.2900,5.3258
30.0,40.0,1.0,7.0280,6.2860,5.3293
30.0,45.0,1.0,6.9750,6.2480,5.3303
30.0,50.0,1.0,6.9720,6.2440,5.3347
30.0,55.0,1.0,6.9680,6.2400,5.3356
30.0,60.0,1.0,6.9650,6.2210,5.3356
30.0,65.0,1.0,6.8910,6.1820,5.3402
30.0,70.0,1.0,6.8880,6.1760,5.3412
30.0,75.0,1.0,6.8860,6.1730,5.3418
30.0,80.0,1.0,6.8850,6.1680,5.3424
30.0,85.0,1.0,6.8850,6.1650,5.3429
30.0,90.0,1.0,6.8860,6.1590,5.3429
30.0,95.0,1.0,6.8880,6.1530,5.3436
30.0,100.0,1.0,6.8910,6.1430,5.3458
30.0,10.0,2.0,6.7030,6.0100,5.2796
30.0,15.0,2.0,6.7080,6.0030,5.3042
30.0,20.0,2.0,6.6940,5.9730,5.3224
30.0,25.0,2.0,6.7270,5.9660,5.3384
30.0,30.0,2.0,6.7510,5.9620,5.3488
30.0,35.0,2.0,6.7680,5.9600,5.3565
30.0,40.0,2.0,6.7340,5.9390,5.3628
30.0,45.0,2.0,6.7230,5.9210,5.3682
30.0,50.0,2.0,6.7200,5.9190,5.3750
30.0,55.0,2.0,6.7160,5.9170,5.3776
30.0,60.0,2.0,6.7130,5.9150,5.3791
30.0,65.0,2.0,6.6380,5.8700,5.3827
30.0,70.0,2.0,6.6300,5.8610,5.3848
30.0,75.0,2.0,6.6280,5.8590,5.3853
30.0,80.0,2.0,6.6270,5.8550,5.3884
30.0,85.0,2.0,6.6260,5.8530,5.3926
30.0,90.0,2.0,6.6250,5.8500,5.3949
30.0,95.0,2.0,6.6230,5.8450,5.3966
30.0,100.0,2.0,6.5960,5.7880,5.3983
30.0,10.0,3.0,6.5530,5.7420,5.2821
30.0,15.0,3.0,6.5440,5.7090,5.3098
30.0,20.0,3.0,6.5450,5.7010,5.3309
30.0,25.0,3.0,6.5410,5.6930,5.3497
30.0,30.0,3.0,6.5350,5.6890,5.3621
30.0,35.0,3.0,6.5090,5.6490,5.3717
30.0,40.0,3.0,6.5050,5.6430,5.3811
30.0,45.0,3.0,6.5040,5.6410,5.3881
30.0,50.0,3.0,6.5020,5.6400,5.3945
30.0,55.0,3.0,6.5020,5.6390,5.3991
30.0,60.0,3.0,6.5010,5.6380,5.4033
30.0,65.0,3.0,6.5000,5.6370,5.4067
30.0,70.0,3.0,6.4990,5.6360,5.4111
30.0,75.0,3.0,6.4980,5.6340,5.4149
30.0,80.0,3.0,6.4970,5.6330,5.4172
30.0,85.0,3.0,6.4960,5.6320,5.4198
30.0,90.0,3.0,6.4950,5.6280,5.4225
30.0,95.0,3.0,6.4930,5.6230,5.4258
30.0,100.0,3.0,6.4610,5.5760,5.4278
30.0,10.0,4.0,6.4410,5.5350,5.2824
30.0,15.0,4.0,6.4150,5.4680,5.3111
30.0,20.0,4.0,6.3870,5.4130,5.3332
30.0,25.0,4.0,6.3830,5.4020,5.3528
30.0,30.0,4.0,6.3770,5.3970,5.3662
30.0,35.0,4.0,6.3710,5.3940,5.3765
30.0,40.0,4.0,6.3950,5.4420,5.3866
30.0,45.0,4.0,6.3940,5.4410,5.3942
30.0,50.0,4.0,6.3920,5.4390,5.4013
30.0,55.0,4.0,6.3910,5.4390,5.4065
30.0,60.0,4.0,6.3900,5.4380,5.4112
30.0,65.0,4.0,6.3890,5.4380,5.4154
30.0,70.0,4.0,6.3880,5.4370,5.4201
30.0,75.0,4.0,6.3870,5.4360,5.4242
30.0,80.0,4.0,6.3860,5.4340,5.4276
30.0,85.0,4.0,6.3850,5.4330,5.4311
30.0,90.0,4.0,6.3830,5.4320,5.4346
30.0,95.0,4.0,6.3560,5.3900,5.4379
30.0,100.0,4.0,6.3530,5.3870,5.4409
30.0,10.0,5.0,6.3680,5.3940,5.2824
30.0,15.0,5.0,6.3250,5.2990,5.3112
30.0,20.0,5.0,6.3060,5.2540,5.3336
30.0,25.0,5.0,6.2710,5.1900,5.3534
30.0,30.0,5.0,6.2650,5.1850,5.3672
30.0,35.0,5.0,6.2590,5.1810,5.3777
30.0,40.0,5.0,6.2540,5.1790,5.3884
30.0,45.0,5.0,6.2520,5.1780,5.3962
30.0,50.0,5.0,6.2800,5.2390,5.4045
30.0,55.0,5.0,6.2790,5.2380,5.4101
30.0,60.0,5.0,6.2780,5.2380,5.4151
30.0,65.0,5.0,6.2770,5.2390,5.4197
30.0,70.0,5.0,6.2760,5.2390,5.4244
30.0,75.0,5.0,6.2750,5.2400,5.4286
30.0,80.0,5.0,6.2930,5.2760,5.4322
30.0,85.0,5.0,6.2920,5.2760,5.4354
30.0,90.0,5.0,6.2910,5.2740,5.4394
30.0,95.0,5.0,6.2900,5.2740,5.4429
30.0,100.0,5.0,6.2750,5.2380,5.4465
30.0,10.0,6.0,6.3280,5.3200,5.2824
30.0,15.0,6.0,6.2560,5.1570,5.3113
30.0,20.0,6.0,6.2300,5.1070,5.3337
30.0,25.0,6.0,6.2250,5.0990,5.3535
30.0,30.0,6.0,6.1800,5.0340,5.3672
30.0,35.0,6.0,6.1740,5.0260,5.3778
30.0,40.0,6.0,6.1690,5.0240,5.3886
30.0,45.0,6.0,6.1670,5.0240,5.3965
30.0,50.0,6.0,6.1650,5.0240,5.4050
30.0,55.0,6.0,6.1630,5.0230,5.4108
30.0,60.0,6.0,6.1620,5.0270,5.4163
30.0,65.0,6.0,6.1600,5.0230,5.4211
30.0,70.0,6.0,6.1600,5.0240,5.4259
30.0,75.0,6.0,6.1580,5.0240,5.4302
30.0,80.0,6.0,6.1570,5.0250,5.4341
30.0,85.0,6.0,6.1560,5.0260,5.4375
30.0,90.0,6.0,6.1550,5.0270,5.4412
30.0,95.0,6.0,6.1540,5.0290,5.4449
30.0,100.0,6.0,6.1540,5.0300,5.4486
30.0,10.0,7.0,6.3280,5.3200,5.2824
30.0,15.0,7.0,6.1760,5.0060,5.3113
30.0,20.0,7.0,6.1510,4.9500,5.3338
30.0,25.0,7.0,6.1090,4.8820,5.3537
30.0,30.0,7.0,6.1020,4.8810,5.3674
30.0,35.0,7.0,6.0950,4.8800,5.3780
30.0,40.0,7.0,6.0890,4.8780,5.3888
30.0,45.0,7.0,6.0870,4.8780,5.3967
30.0,50.0,7.0,6.0530,4.8270,5.4052
30.0,55.0,7.0,6.0510,4.8240,5.4110
30.0,60.0,7.0,6.0500,4.8230,5.4165
30.0,65.0,7.0,6.0490,4.8230,5.4212
30.0,70.0,7.0,6.0480,4.8240,5.4261
30.0,75.0,7.0,6.0460,4.8250,5.4305
30.0,80.0,7.0,6.0450,4.8260,5.4344
30.0,85.0,7.0,6.0430,4.8270,5.4378
30.0,90.0,7.0,6.0420,4.8280,5.4415
30.0,95.0,7.0,6.0400,4.8290,5.4453
30.0,100.0,7.0,6.0390,4.8310,5.4490
30.0,10.0,8.0,6.3280,5.3200,5.2824
30.0,15.0,8.0,6.0990,4.8590,5.3113
30.0,20.0,8.0,6.0740,4.8070,5.3338
30.0,25.0,8.0,6.0460,4.7700,5.3537
30.0,30.0,8.0,6.0080,4.7050,5.3674
30.0,35.0,8.0,6.0000,4.7040,5.3782
30.0,40.0,8.0,5.9940,4.7020,5.3890
30.0,45.0,8.0,5.9910,4.7020,5.3969
30.0,50.0,8.0,5.9880,4.7030,5.4055
30.0,55.0,8.0,5.9470,4.6350,5.4112
30.0,60.0,8.0,5.9460,4.6360,5.4168
30.0,65.0,8.0,5.9450,4.6360,5.4215
30.0,70.0,8.0,5.9430,4.6430,5.4264
30.0,75.0,8.0,5.9410,4.6380,5.4307
30.0,80.0,8.0,5.9400,4.6450,5.4347
30.0,85.0,8.0,5.9380,4.6410,5.4380
30.0,90.0,8.0,5.9360,4.6480,5.4418
30.0,95.0,8.0,5.9340,4.6500,5.4457
30.0,100.0,8.0,5.9330,4.6510,5.4494
30.0,10.0,9.0,6.3280,5.3200,5.2824
30.0,15.0,9.0,6.0310,4.7320,5.3113
30.0,20.0,9.0,6.0070,4.6820,5.3338
30.0,25.0,9.0,5.9660,4.6180,5.3537
30.0,30.0,9.0,5.9200,4.5480,5.3674
30.0,35.0,9.0,5.9130,4.5480,5.3782
30.0,40.0,9.0,5.9070,4.5460,5.3890
30.0,45.0,9.0,5.9040,4.5420,5.3969
30.0,50.0,9.0,5.8620,4.4810,5.4056
30.0,55.0,9.0,5.8610,4.4820,5.4113
30.0,60.0,9.0,5.8600,4.4810,5.4169
30.0,65.0,9.0,5.8570,4.4820,5.4216
30.0,70.0,9.0,5.8560,4.4840,5.4266
30.0,75.0,9.0,5.8540,4.4860,5.4309
30.0,80.0,9.0,5.8520,4.4870,5.4349
30.0,85.0,9.0,5.8510,4.4890,5.4382
30.0,90.0,9.0,5.8490,4.4900,5.4420
30.0,95.0,9.0,5.8470,4.4920,5.4459
30.0,100.0,9.0,5.8460,4.4900,5.4496
30.0,10.0,10.0,6.3280,5.3200,5.2824
30.0,15.0,10.0,5.9730,4.6240,5.3113
30.0,20.0,10.0,5.9350,4.5500,5.3338
30.0,25.0,10.0,5.8950,4.4790,5.3537
30.0,30.0,10.0,5.8660,4.4370,5.3674
30.0,35.0,10.0,5.8270,4.3830,5.3782
30.0,40.0,10.0,5.8210,4.3800,5.3890
30.0,45.0,10.0,5.7810,4.3210,5.3970
30.0,50.0,10.0,5.7780,4.3220,5.4056
30.0,55.0,10.0,5.7760,4.3260,5.4114
30.0,60.0,10.0,5.7370,4.2620,5.4169
30.0,65.0,10.0,5.7360,4.2620,5.4216
30.0,70.0,10.0,5.7340,4.2640,5.4266
30.0,75.0,10.0,5.7320,4.2690,5.4310
30.0,80.0,10.0,5.7310,4.2700,5.4350
30.0,85.0,10.0,5.7290,4.2720,5.4383
30.0,90.0,10.0,5.7280,4.2730,5.4421
30.0,95.0,10.0,5.7260,4.2740,5.4460
30.0,100.0,10.0,5.7250,4.2760,5.4497
34.0,10.0,1.0,6.9760,6.3450,5.2718
34.0,15.0,1.0,7.0490,6.3270,5.2903
34.0,20.0,1.0,7.0640,6.3230,5.3034
34.0,25.0,1.0,7.0840,6.3200,5.3133
34.0,30.0,1.0,7.0300,6.2920,5.3207
34.0,35.0,1.0,7.0290,6.2900,5.3258
34.0,40.0,1.0,7.0280,6.2860,5.3293
34.0,45.0,1.0,6.9750,6.2480,5.3303
34.0,50.0,1.0,6.9720,6.2440,5.3347
34.0,55.0,1.0,6.9680,6.2400,5.3356
34.0,60.0,1.0,6.9650,6.2210,5.3356
34.0,65.0,1.0,6.8910,6.1820,5.3402
34.0,70.0,1.0,6.8880,6.1760,5.3412
34.0,75.0,1.0,6.8860,6.1730,5.3418
34.0,80.0,1.0,6.8850,6.1680,5.3424
34.0,85.0,1.0,6.8850,6.1650,5.3429
34.0,90.0,1.0,6.8860,6.1590,5.3429
34.0,95.0,1.0,6.8880,6.1530,5.3436
34.0,100.0,1.0,6.8910,6.1430,5.3458
34.0,10.0,2.0,6.7030,6.0100,5.2796
34.0,15.0,2.0,6.7080,6.0030,5.3042
34.0,20.0,2.0,6.6940,5.9730,5.3224
34.0,25.0,2.0,6.7270,5.9660,5.3384
34.0,30.0,2.0,6.7510,5.9620,5.3488
34.0,35.0,2.0,6.7680,5.9600,5.3565
34.0,40.0,2.0,6.7340,5.9390,5.3628
34.0,45.0,2.0,6.7230,5.9210,5.3682
34.0,50.0,2.0,6.7200,5.9190,5.3750
34.0,55.0,2.0,6.7160,5.9170,5.3776
34.0,60.0,2.0,6.7130,5.9150,5.3791
34.0,65.0,2.0,6.6380,5.8700,5.3827
34.0,70.0,2.0,6.6300,5.8610,5.3848
34.0,75.0,2.0,6.6280,5.8590,5.3853
34.0,80.0,2.0,6.6270,5.8550,5.3883
34.0,85.0,2.0,6.6260,5.8530,5.3913
34.0,90.0,2.0,6.6250,5.8500,5.3921
34.0,95.0,2.0,6.6230,5.8450,5.3925
34.0,100.0,2.0,6.5960,5.7880,5.3952
34.0,10.0,3.0,6.5630,5.7610,5.2820
34.0,15.0,3.0,6.5580,5.7350,5.3096
34.0,20.0,3.0,6.5570,5.7240,5.3306
34.0,25.0,3.0,6.5530,5.7160,5.3492
34.0,30.0,3.0,6.5370,5.6940,5.3616
34.0,35.0,3.0,6.5320,5.6870,5.3712
34.0,40.0,3.0,6.5290,5.6850,5.3806
34.0,45.0,3.0,6.5270,5.6840,5.3874
34.0,50.0,3.0,6.5260,5.6820,5.3939
34.0,55.0,3.0,6.5250,5.6810,5.3985
34.0,60.0,3.0,6.5250,5.6800,5.4027
34.0,65.0,3.0,6.5240,5.6790,5.4064
34.0,70.0,3.0,6.5080,5.6530,5.4104
34.0,75.0,3.0,6.5050,5.6480,5.4138
34.0,80.0,3.0,6.5040,5.6450,5.4166
34.0,85.0,3.0,6.5030,5.6440,5.4194
34.0,90.0,3.0,6.5020,5.6430,5.4218
34.0,95.0,3.0,6.5000,5.6390,5.4234
34.0,100.0,3.0,6.4990,5.6380,5.4254
34.0,10.0,4.0,6.4600,5.5690,5.2824
34.0,15.0,4.0,6.4340,5.5000,5.3111
34.0,20.0,4.0,6.4350,5.4920,5.3330
34.0,25.0,4.0,6.4010,5.4330,5.3524
34.0,30.0,4.0,6.3960,5.4280,5.3658
34.0,35.0,4.0,6.4190,5.4760,5.3761
34.0,40.0,4.0,6.4150,5.4740,5.3863
34.0,45.0,4.0,6.4130,5.4730,5.3935
34.0,50.0,4.0,6.4110,5.4710,5.4007
34.0,55.0,4.0,6.4100,5.4700,5.4061
34.0,60.0,4.0,6.4090,5.4690,5.4110
34.0,65.0,4.0,6.4080,5.4680,5.4149
34.0,70.0,4.0,6.4070,5.4670,5.4197
34.0,75.0,4.0,6.4060,5.4660,5.4231
34.0,80.0,4.0,6.4050,5.4650,5.4269
34.0,85.0,4.0,6.4040,5.4630,5.4304
34.0,90.0,4.0,6.3760,5.4230,5.4336
34.0,95.0,4.0,6.3720,5.4190,5.4373
34.0,100.0,4.0,6.3720,5.4140,5.4406
34.0,10.0,5.0,6.3890,5.4310,5.2824
34.0,15.0,5.0,6.3430,5.3290,5.3113
34.0,20.0,5.0,6.3160,5.2710,5.3334
34.0,25.0,5.0,6.3110,5.2670,5.3532
34.0,30.0,5.0,6.3050,5.2620,5.3671
34.0,35.0,5.0,6.2990,5.2580,5.3779
34.0,40.0,5.0,6.2940,5.2570,5.3891
34.0,45.0,5.0,6.2920,5.2560,5.3968
34.0,50.0,5.0,6.2900,5.2540,5.4044
34.0,55.0,5.0,6.2890,5.2530,5.4103
34.0,60.0,5.0,6.2870,5.2530,5.4154
34.0,65.0,5.0,6.2870,5.2530,5.4195
34.0,70.0,5.0,6.2850,5.2530,5.4240
34.0,75.0,5.0,6.2850,5.2530,5.4279
34.0,80.0,5.0,6.2840,5.2530,5.4319
34.0,85.0,5.0,6.2820,5.2540,5.4362
34.0,90.0,5.0,6.2810,5.2540,5.4396
34.0,95.0,5.0,6.2800,5.2540,5.4435
34.0,100.0,5.0,6.2790,5.2550,5.4477
34.0,10.0,6.0,6.3480,5.3580,5.2824
34.0,15.0,6.0,6.2570,5.1610,5.3114
34.0,20.0,6.0,6.2440,5.1290,5.3336
34.0,25.0,6.0,6.2180,5.0880,5.3533
34.0,30.0,6.0,6.1940,5.0520,5.3673
34.0,35.0,6.0,6.1880,5.0470,5.3781
34.0,40.0,6.0,6.1820,5.0490,5.3897
34.0,45.0,6.0,6.1530,4.9970,5.3973
34.0,50.0,6.0,6.1770,5.0470,5.4053
34.0,55.0,6.0,6.1760,5.0470,5.4120
34.0,60.0,6.0,6.1740,5.0470,5.4174
34.0,65.0,6.0,6.1730,5.0480,5.4216
34.0,70.0,6.0,6.1720,5.0480,5.4265
34.0,75.0,6.0,6.1710,5.0490,5.4314
34.0,80.0,6.0,6.1700,5.0500,5.4355
34.0,85.0,6.0,6.1730,5.0510,5.4399
34.0,90.0,6.0,6.1860,5.0830,5.4431
34.0,95.0,6.0,6.1690,5.0530,5.4472
34.0,100.0,6.0,6.1680,5.0540,5.4513
34.0,10.0,7.0,6.3480,5.3580,5.2824
34.0,15.0,7.0,6.1920,5.0340,5.3114
34.0,20.0,7.0,6.1670,4.9810,5.3337
34.0,25.0,7.0,6.1250,4.9120,5.3534
34.0,30.0,7.0,6.1170,4.9110,5.3674
34.0,35.0,7.0,6.1110,4.9070,5.3783
34.0,40.0,7.0,6.1050,4.9060,5.3898
34.0,45.0,7.0,6.0720,4.9010,5.3975
34.0,50.0,7.0,6.0990,4.9040,5.4055
34.0,55.0,7.0,6.0570,4.8320,5.4121
34.0,60.0,7.0,6.0550,4.8320,5.4175
34.0,65.0,7.0,6.0540,4.8320,5.4217
34.0,70.0,7.0,6.0530,4.8330,5.4266
34.0,75.0,7.0,6.0920,4.9060,5.4316
34.0,80.0,7.0,6.0910,4.9070,5.4358
34.0,85.0,7.0,6.0900,4.9080,5.4402
34.0,90.0,7.0,6.0880,4.9090,5.4435
34.0,95.0,7.0,6.0870,4.9100,5.4477
34.0,100.0,7.0,6.0470,4.8390,5.4518
34.0,10.0,8.0,6.3480,5.3580,5.2824
34.0,15.0,8.0,6.1180,4.8940,5.3114
34.0,20.0,8.0,6.0930,4.8430,5.3337
34.0,25.0,8.0,6.0520,4.7780,5.3534
34.0,30.0,8.0,6.0450,4.7720,5.3675
34.0,35.0,8.0,5.9970,4.7000,5.3784
34.0,40.0,8.0,5.9910,4.7000,5.3900
34.0,45.0,8.0,5.9880,4.6970,5.3977
34.0,50.0,8.0,5.9850,4.6990,5.4057
34.0,55.0,8.0,5.9830,4.6980,5.4123
34.0,60.0,8.0,5.9820,4.6980,5.4177
34.0,65.0,8.0,5.9800,4.6990,5.4219
34.0,70.0,8.0,5.9790,4.6990,5.4269
34.0,75.0,8.0,5.9770,4.7000,5.4318
34.0,80.0,8.0,5.9760,4.7020,5.4361
34.0,85.0,8.0,5.9750,4.7030,5.4406
34.0,90.0,8.0,5.9730,4.7040,5.4439
34.0,95.0,8.0,5.9710,4.7050,5.4480
34.0,100.0,8.0,5.9700,4.7070,5.4520
34.0,10.0,9.0,6.3480,5.3580,5.2824
34.0,15.0,9.0,6.0430,4.7530,5.3114
34.0,20.0,9.0,6.0190,4.7030,5.3337
34.0,25.0,9.0,5.9850,4.6520,5.3534
34.0,30.0,9.0,5.9620,4.6230,5.3675
34.0,35.0,9.0,5.9310,4.5800,5.3785
34.0,40.0,9.0,5.9240,4.5780,5.3900
34.0,45.0,9.0,5.9210,4.5770,5.3977
34.0,50.0,9.0,5.8830,4.5100,5.4059
34.0,55.0,9.0,5.8810,4.5180,5.4125
34.0,60.0,9.0,5.8800,4.5170,5.4179
34.0,65.0,9.0,5.8780,4.5180,5.4221
34.0,70.0,9.0,5.8760,4.5210,5.4271
34.0,75.0,9.0,5.8740,4.5220,5.4321
34.0,80.0,9.0,5.8720,4.5230,5.4363
34.0,85.0,9.0,5.8710,4.5240,5.4408
34.0,90.0,9.0,5.8700,4.5200,5.4441
34.0,95.0,9.0,5.8680,4.5270,5.4483
34.0,100.0,9.0,5.8670,4.5290,5.4523
34.0,10.0,10.0,6.3480,5.3580,5.2824
34.0,15.0,10.0,5.9700,4.6140,5.3114
34.0,20.0,10.0,5.9220,4.5230,5.3337
34.0,25.0,10.0,5.8820,4.4580,5.3534
34.0,30.0,10.0,5.8370,4.3930,5.3675
34.0,35.0,10.0,5.8300,4.3830,5.3785
34.0,40.0,10.0,5.7860,4.3210,5.3900
34.0,45.0,10.0,5.7830,4.3210,5.3977
34.0,50.0,10.0,5.7440,4.2610,5.4059
34.0,55.0,10.0,5.7410,4.2630,5.4126
34.0,60.0,10.0,5.7390,4.2640,5.4179
34.0,65.0,10.0,5.7370,4.2640,5.4221
34.0,70.0,10.0,5.7350,4.2660,5.4272
34.0,75.0,10.0,5.7340,4.2660,5.4322
34.0,80.0,10.0,5.7320,4.2690,5.4364
34.0,85.0,10.0,5.7040,4.2220,5.4410
34.0,90.0,10.0,5.7020,4.2240,5.4443
34.0,95.0,10.0,5.7000,4.2260,5.4484
34.0,100.0,10.0,5.6990,4.2280,5.4525
38.0,10.0,1.0,6.9760,6.3450,5.2718
38.0,15.0,1.0,7.0490,6.3270,5.2903
38.0,20.0,1.0,7.0640,6.3230,5.3034
38.0,25.0,1.0,7.0840,6.3200,5.3133
38.0,30.0,1.0,7.0300,6.2920,5.3207
38.0,35.0,1.0,7.0290,6.2900,5.3258
38.0,40.0,1.0,7.0280,6.2860,5.3293
38.0,45.0,1.0,6.9750,6.2480,5.3303
38.0,50.0,1.0,6.9720,6.2440,5.3347
38.0,55.0,1.0,6.9680,6.2400,5.3356
38.0,60.0,1.0,6.9650,6.2210,5.3356
38.0,65.0,1.0,6.8910,6.1820,5.3402
38.0,70.0,1.0,6.8880,6.1760,5.3412
38.0,75.0,1.0,6.8860,6.1730,5.3418
38.0,80.0,1.0,6.8850,6.1680,5.3424
38.0,85.0,1.0,6.8850,6.1650,5.3429
38.0,90.0,1.0,6.8860,6.1590,5.3429
38.0,95.0,1.0,6.8880,6.1530,5.3436
38.0,100.0,1.0,6.8910,6.1430,5.3458
38.0,10.0,2.0,6.7030,6.0100,5.2796
38.0,15.0,2.0,6.7080,6.0030,5.3042
38.0,20.0,2.0,6.6940,5.9730,5.3224
38.0,25.0,2.0,6.7270,5.9660,5.3384
38.0,30.0,2.0,6.7510,5.9620,5.3488
38.0,35.0,2.0,6.7680,5.9600,5.3565
38.0,40.0,2.0,6.7340,5.9390,5.3628
38.0,45.0,2.0,6.7230,5.9210,5.3682
38.0,50.0,2.0,6.7200,5.9190,5.3750
38.0,55.0,2.0,6.7160,5.9170,5.3776
38.0,60.0,2.0,6.7130,5.9150,5.3791
38.0,65.0,2.0,6.6380,5.8700,5.3827
38.0,70.0,2.0,6.6300,5.8610,5.3848
38.0,75.0,2.0,6.6280,5.8590,5.3853
38.0,80.0,2.0,6.6270,5.8550,5.3883
38.0,85.0,2.0,6.6260,5.8530,5.3913
38.0,90.0,2.0,6.6250,5.8500,5.3921
38.0,95.0,2.0,6.6230,5.8450,5.3925
38.0,100.0,2.0,6.5960,5.7880,5.3949
38.0,10.0,3.0,6.5630,5.7610,5.2820
38.0,15.0,3.0,6.5540,5.7270,5.3096
38.0,20.0,3.0,6.5550,5.7190,5.3305
38.0,25.0,3.0,6.5510,5.7120,5.3492
38.0,30.0,3.0,6.5460,5.7070,5.3615
38.0,35.0,3.0,6.5400,5.7030,5.3710
38.0,40.0,3.0,6.5160,5.6650,5.3803
38.0,45.0,3.0,6.5140,5.6590,5.3871
38.0,50.0,3.0,6.5120,5.6580,5.3935
38.0,55.0,3.0,6.5120,5.6570,5.3981
38.0,60.0,3.0,6.5110,5.6560,5.4024
38.0,65.0,3.0,6.5100,5.6540,5.4063
38.0,70.0,3.0,6.5090,5.6530,5.4107
38.0,75.0,3.0,6.5080,5.6520,5.4141
38.0,80.0,3.0,6.5070,5.6510,5.4171
38.0,85.0,3.0,6.5060,5.6490,5.4198
38.0,90.0,3.0,6.5050,5.6460,5.4222
38.0,95.0,3.0,6.4930,5.6360,5.4241
38.0,100.0,3.0,6.4890,5.6220,5.4275
38.0,10.0,4.0,6.4700,5.5870,5.2823
38.0,15.0,4.0,6.4430,5.5220,5.3110
38.0,20.0,4.0,6.4440,5.5140,5.3328
38.0,25.0,4.0,6.4100,5.4490,5.3522
38.0,30.0,4.0,6.4050,5.4530,5.3655
38.0,35.0,4.0,6.4280,5.4980,5.3757
38.0,40.0,4.0,6.4240,5.4960,5.3860
38.0,45.0,4.0,6.4220,5.4940,5.3933
38.0,50.0,4.0,6.4200,5.4930,5.4003
38.0,55.0,4.0,6.4200,5.4920,5.4058
38.0,60.0,4.0,6.4180,5.4910,5.4105
38.0,65.0,4.0,6.4180,5.4900,5.4149
38.0,70.0,4.0,6.4170,5.4900,5.4190
38.0,75.0,4.0,6.4160,5.4880,5.4226
38.0,80.0,4.0,6.4150,5.4870,5.4262
38.0,85.0,4.0,6.4130,5.4860,5.4298
38.0,90.0,4.0,6.4120,5.4830,5.4330
38.0,95.0,4.0,6.3840,5.4390,5.4368
38.0,100.0,4.0,6.3810,5.4360,5.4398
38.0,10.0,5.0,6.3920,5.4380,5.2824
38.0,15.0,5.0,6.3510,5.3450,5.3112
38.0,20.0,5.0,6.3240,5.2870,5.3333
38.0,25.0,5.0,6.3200,5.2830,5.3533
38.0,30.0,5.0,6.3140,5.2780,5.3672
38.0,35.0,5.0,6.3080,5.2750,5.3778
38.0,40.0,5.0,6.3030,5.2720,5.3891
38.0,45.0,5.0,6.3010,5.2710,5.3969
38.0,50.0,5.0,6.2980,5.2700,5.4041
38.0,55.0,5.0,6.2970,5.2690,5.4100
38.0,60.0,5.0,6.2960,5.2680,5.4149
38.0,65.0,5.0,6.2950,5.2680,5.4194
38.0,70.0,5.0,6.2940,5.2690,5.4236
38.0,75.0,5.0,6.2930,5.2690,5.4277
38.0,80.0,5.0,6.2920,5.2690,5.4315
38.0,85.0,5.0,6.2910,5.2690,5.4355
38.0,90.0,5.0,6.2900,5.2690,5.4394
38.0,95.0,5.0,6.2890,5.2700,5.4431
38.0,100.0,5.0,6.2880,5.2710,5.4466
38.0,10.0,6.0,6.3540,5.3650,5.2824
38.0,15.0,6.0,6.2650,5.1770,5.3113
38.0,20.0,6.0,6.2390,5.1230,5.3334
38.0,25.0,6.0,6.2340,5.1170,5.3534
38.0,30.0,6.0,6.1900,5.0490,5.3673
38.0,35.0,6.0,6.1830,5.0410,5.3780
38.0,40.0,6.0,6.1780,5.0390,5.3894
38.0,45.0,6.0,6.1760,5.0380,5.3975
38.0,50.0,6.0,6.1730,5.0410,5.4058
38.0,55.0,6.0,6.1720,5.0410,5.4119
38.0,60.0,6.0,6.1700,5.0410,5.4169
38.0,65.0,6.0,6.1690,5.0410,5.4216
38.0,70.0,6.0,6.1680,5.0420,5.4267
38.0,75.0,6.0,6.1680,5.0430,5.4310
38.0,80.0,6.0,6.1670,5.0430,5.4349
38.0,85.0,6.0,6.1690,5.0440,5.4392
38.0,90.0,6.0,6.1650,5.0450,5.4430
38.0,95.0,6.0,6.1650,5.0460,5.4470
38.0,100.0,6.0,6.2250,5.1560,5.4506
38.0,10.0,7.0,6.3540,5.3650,5.2824
38.0,15.0,7.0,6.1860,5.0230,5.3114
38.0,20.0,7.0,6.1650,4.9760,5.3335
38.0,25.0,7.0,6.1400,4.9400,5.3535
38.0,30.0,7.0,6.1060,4.8900,5.3675
38.0,35.0,7.0,6.0990,4.8860,5.3783
38.0,40.0,7.0,6.0930,4.8830,5.3896
38.0,45.0,7.0,6.0900,4.8840,5.3977
38.0,50.0,7.0,6.0870,4.8830,5.4060
38.0,55.0,7.0,6.0860,4.8830,5.4121
38.0,60.0,7.0,6.0430,4.8110,5.4172
38.0,65.0,7.0,6.0420,4.8110,5.4218
38.0,70.0,7.0,6.0420,4.8110,5.4272
38.0,75.0,7.0,6.0800,4.8850,5.4315
38.0,80.0,7.0,6.0390,4.8140,5.4355
38.0,85.0,7.0,6.0380,4.8150,5.4399
38.0,90.0,7.0,6.0360,4.8160,5.4437
38.0,95.0,7.0,6.0350,4.8170,5.4476
38.0,100.0,7.0,6.0340,4.8190,5.4512
38.0,10.0,8.0,6.3540,5.3650,5.2824
38.0,15.0,8.0,6.1070,4.8720,5.3114
38.0,20.0,8.0,6.0820,4.8250,5.3335
38.0,25.0,8.0,6.0400,4.7530,5.3536
38.0,30.0,8.0,6.0330,4.7480,5.3676
38.0,35.0,8.0,5.9860,4.6790,5.3784
38.0,40.0,8.0,5.9790,4.6770,5.3898
38.0,45.0,8.0,5.9760,4.6770,5.3979
38.0,50.0,8.0,5.9730,4.6770,5.4063
38.0,55.0,8.0,5.9710,4.6780,5.4123
38.0,60.0,8.0,5.9710,4.6780,5.4174
38.0,65.0,8.0,5.9690,4.6780,5.4220
38.0,70.0,8.0,5.9290,4.6320,5.4275
38.0,75.0,8.0,5.9270,4.6090,5.4318
38.0,80.0,8.0,5.9250,4.6120,5.4358
38.0,85.0,8.0,5.9630,4.6830,5.4401
38.0,90.0,8.0,5.9610,4.6840,5.4440
38.0,95.0,8.0,5.9600,4.6840,5.4479
38.0,100.0,8.0,5.9590,4.6860,5.4515
38.0,10.0,9.0,6.3540,5.3650,5.2824
38.0,15.0,9.0,6.0350,4.7430,5.3114
38.0,20.0,9.0,6.0110,4.6890,5.3335
38.0,25.0,9.0,5.9710,4.6250,5.3536
38.0,30.0,9.0,5.9250,4.5540,5.3676
38.0,35.0,9.0,5.9170,4.5540,5.3784
38.0,40.0,9.0,5.9100,4.5520,5.3898
38.0,45.0,9.0,5.9070,4.5510,5.3979
38.0,50.0,9.0,5.9040,4.5520,5.4064
38.0,55.0,9.0,5.8800,4.5150,5.4124
38.0,60.0,9.0,5.8780,4.5150,5.4175
38.0,65.0,9.0,5.8430,4.4560,5.4222
38.0,70.0,9.0,5.8420,4.4580,5.4277
38.0,75.0,9.0,5.8730,4.5130,5.4320
38.0,80.0,9.0,5.8710,4.5200,5.4360
38.0,85.0,9.0,5.8380,4.4660,5.4403
38.0,90.0,9.0,5.8350,4.4650,5.4442
38.0,95.0,9.0,5.8340,4.4680,5.4481
38.0,100.0,9.0,5.8320,4.4700,5.4517
38.0,10.0,10.0,6.3540,5.3650,5.2824
38.0,15.0,10.0,5.9780,4.6310,5.3114
38.0,20.0,10.0,5.9390,4.5570,5.3335
38.0,25.0,10.0,5.8900,4.4750,5.3536
38.0,30.0,10.0,5.8450,4.3990,5.3676
38.0,35.0,10.0,5.8370,4.3960,5.3784
38.0,40.0,10.0,5.7950,4.3430,5.3898
38.0,45.0,10.0,5.7900,4.3340,5.3979
38.0,50.0,10.0,5.7870,4.3390,5.4064
38.0,55.0,10.0,5.7850,4.3430,5.4124
38.0,60.0,10.0,5.7470,4.2770,5.4175
38.0,65.0,10.0,5.7450,4.2810,5.4222
38.0,70.0,10.0,5.7420,4.2820,5.4277
38.0,75.0,10.0,5.7410,4.2850,5.4321
38.0,80.0,10.0,5.7390,4.2860,5.4361
38.0,85.0,10.0,5.7380,4.2880,5.4404
38.0,90.0,10.0,5.7370,4.2880,5.4443
38.0,95.0,10.0,5.7360,4.2900,5.4482
