,batch_id,temp_c,pressure_bar,inject_time_s,mold_temp_c
0,ST055,219.7352456048663,21.706590422508974,1.787166506291327,52.594846758614324
1,HT006,225.06770858929957,21.95546769059499,2.2418714720966184,53.42678895362278
2,ST053,220.20286797042323,22.622379319665814,1.8890822480760678,53.4596397261703
3,ST059,219.8104490991202,21.940757882843055,1.7410430397302523,51.21185542079062
4,HP020,211.92466157024515,22.923129142947253,1.5310485289912825,50.31804082736563
5,HT037,226.5788603630131,23.43053359536138,1.9051126683136197,55.07683584187039
6,HT038,226.93551399376219,21.694954976953312,2.261074778636241,55.979644274263855
7,HP018,216.65024811529582,24.862987984408882,1.508579511741291,50.53450047687234
8,HP009,219.50310318338884,24.788189140906272,1.6614853163479806,47.6842692966041
9,ST047,220.76624370351502,22.770688462659535,1.8164090781209674,53.024243408008296
10,HT034,226.19028828351085,22.15484455876726,1.9062870031357793,54.42568420169208
11,ST006,220.0041311458119,21.8440572555917,1.993756217326059,49.21929119273844
12,HP008,216.45103021223508,24.809465084545334,1.5496593155942562,49.706152890467315
13,HT023,223.5863983308542,21.205875771804802,2.037758127186402,54.38279152272524
14,HT039,222.23704181599697,21.618987666224346,2.2199768605759926,58.08496630053791
15,HP017,217.1831132422608,25.070913959581144,1.7918802272195602,47.66210620887489
16,ST050,218.9507907611983,22.016749282845595,1.8025349702281912,53.077835140269755
17,HP030,217.1696781190926,24.787232275141537,1.6685213983713076,49.39548283075453
18,HP006,214.43980817977,24.11630942787824,1.7790914952367745,51.30297182335904
19,HT003,231.18840433666472,21.115614149960155,2.113706120028992,54.02764554986861
20,ST029,222.0987930986865,22.811831853357262,1.8662670504623897,51.33453425417944
21,HP026,217.221571417395,25.009115892054993,1.5728388202197643,49.55092789832403
22,ST041,221.68146648428709,21.8542040033657,1.7884811421872513,52.26743536240894
23,HP015,217.71089789085224,24.9206689246344,1.5084714379568753,48.45978718811324
24,HT018,225.50996022821408,22.004212799983268,2.033818879672359,57.34092305068834
25,ST052,220.4746036932744,22.31992334090796,1.9230769238582701,51.22129404827766
26,ST014,219.47728716961672,22.775295808293503,1.925166646837192,50.788903477706256
27,HT011,227.58262565817103,22.24607222958741,2.2109604115984687,56.171569685368425
28,ST037,217.59156030880052,23.103978794650505,1.7132454823781569,51.11141261081537
29,ST048,224.4951901056154,22.262737593481674,1.9699564363943145,50.889556537890456
30,ST023,219.22572011342723,22.366201045719205,1.8362975497690432,49.837684425042305
31,ST033,216.69784882118833,22.195103125357424,1.8767372419654922,52.889692227714846
32,ST027,219.18954428914464,22.080115505068868,1.8671940632505064,52.45017085859619
33,HP016,219.86761660146,24.380248483054167,1.7484014302629085,50.89675917981568
34,HT032,231.48250032499126,21.4016886069646,2.5473277995726824,56.575597583281464
35,HP013,216.1738911482446,25.909175740319217,1.5753852581042809,50.86026625218657
36,ST016,217.0935171750184,22.114906813192974,1.6801088839925709,55.09569332659427
37,ST021,223.30139938237295,22.461882281481245,1.814673616465175,49.47490473454287
38,HP023,218.6485901484602,24.535207397202374,1.6223786226066463,47.692475271847655
39,HT025,231.6509294323031,22.466374846559194,2.081440136031889,48.834990468564676
40,ST046,216.39380268304052,21.9722110917926,2.0334748582790896,52.03416695112878
41,HT026,228.1564409158667,21.925866488029392,2.1615356300876605,51.963999012077124
42,ST042,219.6400271974953,22.34974813989503,1.9494156197339174,54.61051944308924
43,ST044,218.49432560715707,21.622751337199624,1.7203271629172086,51.65912102536555
44,HP025,215.54663115213373,24.21541466547612,1.5982690612750632,52.87933837387458
45,ST013,221.0105987483935,22.24345934859789,1.8374833197634826,53.62361013958482
46,HT021,231.11160443241957,22.164874924063863,2.5173943889461583,56.85260359588593
47,ST012,219.65690347760855,22.08694590556985,1.8565261325896332,50.87640139608171
48,ST004,220.81503256599302,22.87981491869867,1.9156747572714703,53.828978325952946
49,HP001,217.8679968253589,24.16971714217739,1.650567971946462,48.89289462043601
50,ST019,220.54891984751993,22.122857815860087,1.665762628174585,53.408277653438006
51,ST051,223.82403772466387,22.084806453391685,1.8019503703805382,51.809636276483964
52,HP002,219.73290775154877,25.147357740511488,1.6085837897700128,51.37645298908004
53,ST003,220.06564032735716,22.160155747242055,1.9764535399374927,52.451020622534365
54,HT020,229.57092009075947,21.698744692528347,2.2296533192167223,56.07947698388409
55,ST018,220.24776181057408,22.494010633750943,1.7396175340053166,52.954619288468976
56,ST030,219.16705136295997,22.467767277363865,1.7156677244545029,51.74172507016606
57,HT028,228.7729021317324,22.69646365846466,2.3657966143503524,54.6494759674061
58,ST038,222.92395125442704,22.54761573170153,1.991047024066538,52.05875297459138
59,HP024,216.38025156023068,24.165680531368974,1.7693920451331846,46.685800166189
60,ST031,218.51489294959086,22.419498047911333,1.901738673397153,50.2942948177522
61,ST060,222.38617184468802,22.899030895739457,1.9798244421949254,52.4264633999982
62,ST034,221.07085871265218,22.169734615405172,1.983675293173549,51.55025791903732
63,HT007,231.22050889689598,22.23588887956339,2.003785054464207,55.15899344113999
64,HT029,226.74189503944726,21.375143214899794,2.498934191395062,55.80711974611107
65,ST028,215.42336979605656,22.71875407709067,1.8011847899180566,53.216152428681276
66,HP005,218.30560216492404,24.8878712085067,1.7369978367845358,47.431085431465114
67,HT027,226.70989374964495,21.964772437371774,2.3131201468161966,54.860812986486536
68,HT015,228.15086461967127,21.78986683909632,2.298377663498819,54.96634090938988
69,ST022,220.3086710709127,22.55774092192821,1.959535050668689,53.52252240319134
70,HT017,226.82960453587154,22.918897196099064,2.308609020493359,52.07764190676348
71,HP019,219.07422096345516,25.236075329651925,1.700525635794323,52.3638661082168
72,HT036,230.34002925057777,21.692760418259873,2.2608761525452543,56.94578557598628
73,HT022,230.03480358890985,21.913088208491594,2.090342503562412,54.90199541232284
74,ST036,218.67568132066637,22.17765301997997,2.105725629624291,51.14008862267572
75,ST011,218.74914205206647,22.799055646239033,1.8259693661091432,52.410158226896534
76,HP022,214.9556481366905,24.007088869041077,1.7584942341640826,46.79724431445952
77,HT012,227.42549016827306,21.984745575029297,2.2847189682588755,51.806884373463724
78,HP014,214.63312287346545,24.10192370582983,1.672880767833486,49.435457830457814
79,ST032,222.144940263151,22.470651595822353,1.6847621509839545,51.52470182016599
80,ST017,221.10916062378377,22.332789686195397,1.9105785909518074,49.133876683566704
81,HT035,229.51157820970866,21.56795344791276,2.2375331541173087,51.78557433637409
82,ST002,219.06812525891834,21.43745204858781,1.7984892835446629,52.57807980684198
83,HP012,220.8869758796991,25.071331188922866,1.6641958941221697,46.62261212714511
84,HP028,217.97112776453255,22.90570166018317,1.633097903653919,47.66322432077881
85,HP021,216.5376257383358,24.239350393010152,1.778602123293501,48.422619628676955
86,HP029,216.49878082861272,24.41372999603594,1.6111906051627194,48.07895843378769
87,ST010,221.2009970318391,21.728007162616716,1.9340363708601747,53.706968590141095
88,ST005,218.42215394274854,22.046630750827394,1.8909023360432897,52.17483990960305
89,ST039,223.53232175585867,22.063153190629254,2.0447538632939017,51.707677745787564
90,HT019,227.95223402094985,22.839759703800667,2.2351186154560794,54.96610300897533
91,HT014,229.09626185688956,21.524404770956135,2.047753130976011,58.55805246244887
92,HT040,230.2585149724136,22.152153584964438,2.1321433073325466,57.15909169090784
93,ST035,215.87117039375764,21.93054192504957,2.0310326562693786,52.71318933222192
94,HT005,229.84094491662117,22.380329985215553,2.3394210829872426,53.69041626584007
95,HT002,223.25034670179414,20.938825263983656,2.283252275786171,57.01069676025447
96,ST054,220.50515547111064,22.426352995450962,2.0144938249266477,52.1455293483344
97,HP007,220.94210406146252,24.94198400907266,1.6616009499797155,52.04940190579731
98,ST025,219.9092279402787,22.121589075076812,1.7507778983372781,51.45749753100255
99,ST057,217.1300730679289,22.208897895416225,2.0153291756336205,53.71797387770445
100,HT010,224.49643832568157,22.442860403333235,2.2138568675841546,50.57266047670316
101,HT004,228.04840331874814,21.88852492177725,2.076121939490416,55.458959521091955
102,HP010,217.07614315050134,24.360784031037305,1.6211952266372784,50.48016965188358
103,HT001,227.668031161903,21.706122808025103,2.3457378689511748,56.25325839566094
104,ST020,216.94695093626032,21.488794858816597,1.9447996940580026,52.22059879465239
105,ST007,219.99821922828414,21.722563231096725,1.9586350499071221,49.94521042153121
106,ST056,219.38104731882223,22.273160280645907,1.8842469219889,53.75709017531578
107,HT016,230.43945656273772,22.513185665406382,2.0341370143180115,52.62049999068286
108,ST001,223.38105140760072,22.05247261262086,1.8531536222366123,51.28237318029315
109,ST045,216.5833215936659,22.39453407889668,1.9571605240308703,50.439803404322205
110,ST008,216.49055138730915,21.77999327556985,1.943462800114131,53.09673157814109
111,ST049,220.53882326101578,22.88709201986409,1.7714928990406154,51.92549160586056
112,HT009,227.73083231631668,21.32931718646376,2.3662993515765742,53.87341428255731
113,HP003,214.85025094783757,24.534687790892402,1.487583893531149,51.83774465144625
114,ST040,219.34117249617387,22.011229339146592,2.017666838180556,52.888577863902185
115,ST009,222.03531601132698,22.079922505279935,2.015704058126969,51.61252550014358
116,HT031,227.96751382135596,21.672980427709923,2.6457808203000748,55.31871502495759
117,ST043,221.13612377465597,22.356618277401033,2.1232066806672574,51.6707582432335
118,HP011,220.18579435788143,24.34389354557218,1.715472554408024,52.74440263221395
119,HT030,229.59778291476013,21.251205840786362,2.139498874263035,54.74662632358406
120,HT013,227.5365986521207,22.641046312508863,2.1469486134914595,55.24399724646759
121,HP027,214.76950147138976,25.7411568866399,1.5817536126493157,48.11870474708852
122,ST015,219.5145018426549,22.801327408166763,1.7706418126899153,48.921046737586984
123,ST058,221.0032482463621,22.0283725625776,1.9672932606681934,51.47919372628897
124,HT033,229.24875687122733,22.673144638229793,2.21947097999246,53.22991012284052
125,HP004,218.95460078194662,24.914707099595546,1.5368793172028814,49.10744852849455
126,ST024,224.05814444152222,21.830582137314714,1.7653645134153304,49.9845571526643
127,HT024,228.94264589515055,22.12898641752143,2.1530734041340778,53.105304605633265
128,HT008,226.52934298484422,21.449250186637464,2.425650149000111,56.046843118139265
129,ST026,217.09864260170684,21.963692072454744,1.8382087332755546,53.1827568611755
